source_url,target_url,status_code,preserve_query_string
https://blues.ru/data/albumview.aspx?cdid=1,https://blues.ru/review/review-a-christmas-celebration-of-hope/,301,false
https://blues.ru/data/albumview.aspx?cdid=2,https://blues.ru/review/review-live-at-montreux-1982-1985/,301,false
https://blues.ru/data/albumview.aspx?cdid=5,https://blues.ru/review/review-the-beginning/,301,false
https://blues.ru/data/albumview.aspx?cdid=6,https://blues.ru/review/review-playin-with-my-friends-bennett-sings-the-blues/,301,false
https://blues.ru/data/albumview.aspx?cdid=7,https://blues.ru/review/review-musically-rich-and-famous/,301,false
https://blues.ru/data/albumview.aspx?cdid=8,https://blues.ru/review/review-1756/,301,false
https://blues.ru/data/albumview.aspx?cdid=9,https://blues.ru/review/review-do-you-get-the-blues/,301,false
https://blues.ru/data/albumview.aspx?cdid=10,https://blues.ru/review/review-webb/,301,false
https://blues.ru/data/albumview.aspx?cdid=11,https://blues.ru/review/review-how-d-a-white-boy-get-the-blues/,301,false
https://blues.ru/data/albumview.aspx?cdid=12,https://blues.ru/review/review-flash-back/,301,false
https://blues.ru/data/albumview.aspx?cdid=13,https://blues.ru/review/review-guilty-of-love/,301,false
https://blues.ru/data/albumview.aspx?cdid=14,https://blues.ru/review/review-blues-on-the-prowl/,301,false
https://blues.ru/data/albumview.aspx?cdid=15,https://blues.ru/review/review-stories/,301,false
https://blues.ru/data/albumview.aspx?cdid=16,https://blues.ru/review/review-scars/,301,false
https://blues.ru/data/albumview.aspx?cdid=18,https://blues.ru/review/review-blue-magic/,301,false
https://blues.ru/data/albumview.aspx?cdid=19,https://blues.ru/review/review-the-good-the-bad-the-chubby/,301,false
https://blues.ru/data/albumview.aspx?cdid=20,https://blues.ru/review/review-higher-ground/,301,false
https://blues.ru/data/albumview.aspx?cdid=22,https://blues.ru/review/review-the-birth-of-soul-the-complete-atlantic-rhythm-blues/,301,false
https://blues.ru/data/albumview.aspx?cdid=23,https://blues.ru/review/review-the-complete-animals-the-best-2cd/,301,false
https://blues.ru/data/albumview.aspx?cdid=25,https://blues.ru/review/review-hydraulic-groove/,301,false
https://blues.ru/data/albumview.aspx?cdid=28,https://blues.ru/review/review-blues-n-jazz/,301,false
https://blues.ru/data/albumview.aspx?cdid=29,https://blues.ru/review/review-complete-recorded-works-vol-1-1930/,301,false
https://blues.ru/data/albumview.aspx?cdid=30,https://blues.ru/review/review-so-it-s-like-that/,301,false
https://blues.ru/data/albumview.aspx?cdid=31,https://blues.ru/review/review-bad-man/,301,false
https://blues.ru/data/albumview.aspx?cdid=32,https://blues.ru/review/review-silver-linings/,301,false
https://blues.ru/data/albumview.aspx?cdid=33,https://blues.ru/review/review-ucanned-best-of-2-cd/,301,false
https://blues.ru/data/albumview.aspx?cdid=34,https://blues.ru/review/review-whiskey-store/,301,false
https://blues.ru/data/albumview.aspx?cdid=35,https://blues.ru/review/review-the-complete-imperial-recordings-1950-1954/,301,false
https://blues.ru/data/albumview.aspx?cdid=36,https://blues.ru/review/review-stony-road/,301,false
https://blues.ru/data/albumview.aspx?cdid=37,https://blues.ru/review/review-modern-sounds-in-country-and-western-music/,301,false
https://blues.ru/data/albumview.aspx?cdid=38,https://blues.ru/review/review-the-deep-end-vol-2/,301,false
https://blues.ru/data/albumview.aspx?cdid=39,https://blues.ru/review/review-fathers-and-sons/,301,false
https://blues.ru/data/albumview.aspx?cdid=40,https://blues.ru/review/review-talking-with-strangers/,301,false
https://blues.ru/data/albumview.aspx?cdid=41,https://blues.ru/review/review-soul-be-it/,301,false
https://blues.ru/data/albumview.aspx?cdid=42,https://blues.ru/review/review-hard-grind/,301,false
https://blues.ru/data/albumview.aspx?cdid=43,https://blues.ru/review/review-from-clarksdale-to-heaven-remembering-john-lee-hooker/,301,false
https://blues.ru/data/albumview.aspx?cdid=44,https://blues.ru/review/review-rendezvous-with-the-blues/,301,false
https://blues.ru/data/albumview.aspx?cdid=45,https://blues.ru/review/review-room-to-breathe/,301,false
https://blues.ru/data/albumview.aspx?cdid=46,https://blues.ru/review/review-in-the-upper-room/,301,false
https://blues.ru/data/albumview.aspx?cdid=47,https://blues.ru/review/review-somebody-told-the-truth/,301,false
https://blues.ru/data/albumview.aspx?cdid=49,https://blues.ru/review/review-blues-guitar-virtuoso-live-in-europe/,301,false
https://blues.ru/data/albumview.aspx?cdid=50,https://blues.ru/review/review-chicago-breakdown/,301,false
https://blues.ru/data/albumview.aspx?cdid=51,https://blues.ru/review/review-down-the-road/,301,false
https://blues.ru/data/albumview.aspx?cdid=52,https://blues.ru/review/review-it-ain-t-nothing-but-the-blues/,301,false
https://blues.ru/data/albumview.aspx?cdid=53,https://blues.ru/review/review-don-t-give-up-on-me/,301,false
https://blues.ru/data/albumview.aspx?cdid=54,https://blues.ru/review/review-crazy-kind-of-life/,301,false
https://blues.ru/data/albumview.aspx?cdid=55,https://blues.ru/review/review-one-more-car-one-more-rider/,301,false
https://blues.ru/data/albumview.aspx?cdid=56,https://blues.ru/review/review-get-on-the-boogie-train/,301,false
https://blues.ru/data/albumview.aspx?cdid=57,https://blues.ru/review/review-rip-it-hard/,301,false
https://blues.ru/data/albumview.aspx?cdid=62,https://blues.ru/review/review-deluxe-edition/,301,false
https://blues.ru/data/albumview.aspx?cdid=63,https://blues.ru/review/review-just-let-go/,301,false
https://blues.ru/data/albumview.aspx?cdid=64,https://blues.ru/review/review-live-in-nyc-97/,301,false
https://blues.ru/data/albumview.aspx?cdid=65,https://blues.ru/review/review-keep-on-steppin-the-best-of-junior-wells/,301,false
https://blues.ru/data/albumview.aspx?cdid=66,https://blues.ru/review/review-deluxe-edition-2/,301,false
https://blues.ru/data/albumview.aspx?cdid=67,https://blues.ru/review/review-deluxe-edition-3/,301,false
https://blues.ru/data/albumview.aspx?cdid=68,https://blues.ru/review/review-deluxe-edition-4/,301,false
https://blues.ru/data/albumview.aspx?cdid=69,https://blues.ru/review/review-move/,301,false
https://blues.ru/data/albumview.aspx?cdid=70,https://blues.ru/review/review-new-york-state-of-blues/,301,false
https://blues.ru/data/albumview.aspx?cdid=71,https://blues.ru/review/review-best-of-the-blues-plus-live/,301,false
https://blues.ru/data/albumview.aspx?cdid=72,https://blues.ru/review/review-under-one-roof/,301,false
https://blues.ru/data/albumview.aspx?cdid=73,https://blues.ru/review/review-turn-the-heat-up/,301,false
https://blues.ru/data/albumview.aspx?cdid=74,https://blues.ru/review/review-time-will-tell/,301,false
https://blues.ru/data/albumview.aspx?cdid=75,https://blues.ru/review/review-sixteen-shades-of-blues/,301,false
https://blues.ru/data/albumview.aspx?cdid=76,https://blues.ru/review/review-a-tribute-to-hound-dog-tailor-let-s-have-some-fun/,301,false
https://blues.ru/data/albumview.aspx?cdid=77,https://blues.ru/review/review-wolf-tracks-a-tribute-to-howlin-wolf/,301,false
https://blues.ru/data/albumview.aspx?cdid=78,https://blues.ru/review/review-blue-cat-blues-all-instrumental/,301,false
https://blues.ru/data/albumview.aspx?cdid=79,https://blues.ru/review/review-blues-moods/,301,false
https://blues.ru/data/albumview.aspx?cdid=80,https://blues.ru/review/review-blues-cruise-ten-for-the-highway/,301,false
https://blues.ru/data/albumview.aspx?cdid=81,https://blues.ru/review/review-blues-guitar-duels/,301,false
https://blues.ru/data/albumview.aspx?cdid=82,https://blues.ru/review/review-blues-joint/,301,false
https://blues.ru/data/albumview.aspx?cdid=83,https://blues.ru/review/review-knights-of-the-blues-table/,301,false
https://blues.ru/data/albumview.aspx?cdid=84,https://blues.ru/review/review-lone-star-blues/,301,false
https://blues.ru/data/albumview.aspx?cdid=85,https://blues.ru/review/review-blues-after-hours/,301,false
https://blues.ru/data/albumview.aspx?cdid=86,https://blues.ru/review/review-rockin-my-life-away/,301,false
https://blues.ru/data/albumview.aspx?cdid=87,https://blues.ru/review/review-fish-ain-t-bitin/,301,false
https://blues.ru/data/albumview.aspx?cdid=88,https://blues.ru/review/review-don-t-look-back/,301,false
https://blues.ru/data/albumview.aspx?cdid=89,https://blues.ru/review/review-good-love/,301,false
https://blues.ru/data/albumview.aspx?cdid=90,https://blues.ru/review/review-flavors-of-the-blues/,301,false
https://blues.ru/data/albumview.aspx?cdid=91,https://blues.ru/review/review-king-dollar/,301,false
https://blues.ru/data/albumview.aspx?cdid=92,https://blues.ru/review/review-more-blues-on-the-south-side/,301,false
https://blues.ru/data/albumview.aspx?cdid=93,https://blues.ru/review/,301,false
https://blues.ru/data/albumview.aspx?cdid=94,https://blues.ru/review/,301,false
https://blues.ru/data/albumview.aspx?cdid=95,https://blues.ru/review/review-ten-million-dollars/,301,false
https://blues.ru/data/albumview.aspx?cdid=96,https://blues.ru/review/review-the-best-of/,301,false
https://blues.ru/data/albumview.aspx?cdid=97,https://blues.ru/review/review-when-a-guitar-plays-the-blues/,301,false
https://blues.ru/data/albumview.aspx?cdid=98,https://blues.ru/review/review-still-got-the-blues/,301,false
https://blues.ru/data/albumview.aspx?cdid=99,https://blues.ru/review/review-after-hours/,301,false
https://blues.ru/data/albumview.aspx?cdid=100,https://blues.ru/review/review-blues-alive/,301,false
https://blues.ru/data/albumview.aspx?cdid=101,https://blues.ru/review/review-blues-for-greeny/,301,false
https://blues.ru/data/albumview.aspx?cdid=102,https://blues.ru/review/,301,false
https://blues.ru/data/albumview.aspx?cdid=103,https://blues.ru/review/,301,false
https://blues.ru/data/albumview.aspx?cdid=104,https://blues.ru/review/,301,false
https://blues.ru/data/albumview.aspx?cdid=105,https://blues.ru/review/,301,false
https://blues.ru/data/albumview.aspx?cdid=106,https://blues.ru/review/review-i-came-here-to-rock/,301,false
https://blues.ru/data/albumview.aspx?cdid=107,https://blues.ru/review/,301,false
https://blues.ru/data/albumview.aspx?cdid=108,https://blues.ru/review/,301,false
https://blues.ru/data/albumview.aspx?cdid=113,https://blues.ru/review/,301,false
https://blues.ru/data/albumview.aspx?cdid=114,https://blues.ru/review/review-live-at-monterey/,301,false
https://blues.ru/data/albumview.aspx?cdid=115,https://blues.ru/review/review-99/,301,false
https://blues.ru/data/albumview.aspx?cdid=116,https://blues.ru/review/review-sings-the-seventh-son/,301,false
https://blues.ru/data/albumview.aspx?cdid=117,https://blues.ru/review/review-lifeline/,301,false
https://blues.ru/data/albumview.aspx?cdid=118,https://blues.ru/review/review-you-can-t-win/,301,false
https://blues.ru/data/albumview.aspx?cdid=119,https://blues.ru/review/review-chasin-gus-ghost/,301,false
https://blues.ru/data/albumview.aspx?cdid=120,https://blues.ru/review/review-delta-crossroads/,301,false
https://blues.ru/data/albumview.aspx?cdid=121,https://blues.ru/review/review-live-in-japan/,301,false
https://blues.ru/data/albumview.aspx?cdid=122,https://blues.ru/review/review-live-at-fillmore/,301,false
https://blues.ru/data/albumview.aspx?cdid=123,https://blues.ru/review/review-wait-for-me/,301,false
https://blues.ru/data/albumview.aspx?cdid=124,https://blues.ru/review/review-moscow-boogie/,301,false
https://blues.ru/data/albumview.aspx?cdid=125,https://blues.ru/review/review-virtual-virtue/,301,false
https://blues.ru/data/albumview.aspx?cdid=126,https://blues.ru/review/review-wrong-side-of-the-street/,301,false
https://blues.ru/data/albumview.aspx?cdid=127,https://blues.ru/review/review-long-loud-n-sweaty/,301,false
https://blues.ru/data/albumview.aspx?cdid=128,https://blues.ru/review/review-ridin-this-train/,301,false
https://blues.ru/data/albumview.aspx?cdid=131,https://blues.ru/review/review-raising-hell/,301,false
https://blues.ru/data/albumview.aspx?cdid=132,https://blues.ru/review/review-another-shade-of-blue-s/,301,false
https://blues.ru/data/albumview.aspx?cdid=133,https://blues.ru/review/review-woman-alone-with-the-blues-remembering-peggy-lee/,301,false
https://blues.ru/data/albumview.aspx?cdid=134,https://blues.ru/review/review-anthology-of-boogie-woogie/,301,false
https://blues.ru/data/albumview.aspx?cdid=135,https://blues.ru/review/review-i-m-not-hungry-but-i-like-to-eat-blues/,301,false
https://blues.ru/data/albumview.aspx?cdid=139,https://blues.ru/review/review-true-stories/,301,false
https://blues.ru/data/albumview.aspx?cdid=140,https://blues.ru/review/review-thats-right/,301,false
https://blues.ru/data/albumview.aspx?cdid=141,https://blues.ru/review/review-hittin-the-note/,301,false
https://blues.ru/data/albumview.aspx?cdid=142,https://blues.ru/review/review-electric-storyland-live/,301,false
https://blues.ru/data/albumview.aspx?cdid=143,https://blues.ru/review/review-let-s-roll/,301,false
https://blues.ru/data/albumview.aspx?cdid=144,https://blues.ru/review/review-live-one/,301,false
https://blues.ru/data/albumview.aspx?cdid=145,https://blues.ru/review/review-travelin/,301,false
https://blues.ru/data/albumview.aspx?cdid=147,https://blues.ru/review/review-shake-that-thing/,301,false
https://blues.ru/data/albumview.aspx?cdid=148,https://blues.ru/review/review-key-to-love-celebration-of-music-of-john-mayall/,301,false
https://blues.ru/data/albumview.aspx?cdid=149,https://blues.ru/review/review-ride-til-i-die/,301,false
https://blues.ru/data/albumview.aspx?cdid=150,https://blues.ru/review/review-spirituals-gospel-dedicated-to-mahalia-jackson/,301,false
https://blues.ru/data/albumview.aspx?cdid=151,https://blues.ru/review/review-wrong-side-of-the-street-2/,301,false
https://blues.ru/data/albumview.aspx?cdid=152,https://blues.ru/review/review-long-overdue/,301,false
https://blues.ru/data/albumview.aspx?cdid=153,https://blues.ru/review/review-two-hands-one-heart/,301,false
https://blues.ru/data/albumview.aspx?cdid=154,https://blues.ru/review/review-the-wig-flipper/,301,false
https://blues.ru/data/albumview.aspx?cdid=155,https://blues.ru/review/review-blues-in-the-dark/,301,false
https://blues.ru/data/albumview.aspx?cdid=156,https://blues.ru/review/review-shifting-into-gear/,301,false
https://blues.ru/data/albumview.aspx?cdid=157,https://blues.ru/review/review-i-feel-like-goin-on/,301,false
https://blues.ru/data/albumview.aspx?cdid=158,https://blues.ru/review/review-gratitude/,301,false
https://blues.ru/data/albumview.aspx?cdid=159,https://blues.ru/review/review-indigenous/,301,false
https://blues.ru/data/albumview.aspx?cdid=160,https://blues.ru/review/review-atomic-electric/,301,false
https://blues.ru/data/albumview.aspx?cdid=161,https://blues.ru/review/review-blues-singer/,301,false
https://blues.ru/data/albumview.aspx?cdid=162,https://blues.ru/review/review-long-as-i-have-you/,301,false
https://blues.ru/data/albumview.aspx?cdid=163,https://blues.ru/review/review-guess-who/,301,false
https://blues.ru/data/albumview.aspx?cdid=164,https://blues.ru/review/review-hoodoo-man-blues/,301,false
https://blues.ru/data/albumview.aspx?cdid=165,https://blues.ru/review/review-lovejoy/,301,false
https://blues.ru/data/albumview.aspx?cdid=166,https://blues.ru/review/review-blues-for-elvis-albert-king-does-the-king-s-things/,301,false
https://blues.ru/data/albumview.aspx?cdid=167,https://blues.ru/review/review-the-lost-session/,301,false
https://blues.ru/data/albumview.aspx?cdid=168,https://blues.ru/review/review-new-orleans-heat/,301,false
https://blues.ru/data/albumview.aspx?cdid=169,https://blues.ru/review/review-notice-to-appear/,301,false
https://blues.ru/data/albumview.aspx?cdid=170,https://blues.ru/review/review-hard-core-package/,301,false
https://blues.ru/data/albumview.aspx?cdid=171,https://blues.ru/review/review-last-of-the-british-blues/,301,false
https://blues.ru/data/albumview.aspx?cdid=172,https://blues.ru/review/review-new-year-new-band-new-company/,301,false
https://blues.ru/data/albumview.aspx?cdid=173,https://blues.ru/review/review-banquet-in-blues/,301,false
https://blues.ru/data/albumview.aspx?cdid=174,https://blues.ru/review/review-funky-london/,301,false
https://blues.ru/data/albumview.aspx?cdid=175,https://blues.ru/review/review-buddy-guy-junior-wells-play-the-blues/,301,false
https://blues.ru/data/albumview.aspx?cdid=176,https://blues.ru/review/review-a-sense-of-place/,301,false
https://blues.ru/data/albumview.aspx?cdid=177,https://blues.ru/review/review-wake-up-call/,301,false
https://blues.ru/data/albumview.aspx?cdid=178,https://blues.ru/review/review-spinning-coin/,301,false
https://blues.ru/data/albumview.aspx?cdid=179,https://blues.ru/review/review-bottom-line/,301,false
https://blues.ru/data/albumview.aspx?cdid=180,https://blues.ru/review/review-road-show-blues/,301,false
https://blues.ru/data/albumview.aspx?cdid=181,https://blues.ru/review/review-chicago-line/,301,false
https://blues.ru/data/albumview.aspx?cdid=182,https://blues.ru/review/review-bluesbreakers-with-eric-clapton/,301,false
https://blues.ru/data/albumview.aspx?cdid=183,https://blues.ru/review/review-a-hard-road/,301,false
https://blues.ru/data/albumview.aspx?cdid=184,https://blues.ru/review/review-blues-alone/,301,false
https://blues.ru/data/albumview.aspx?cdid=185,https://blues.ru/review/review-burglar/,301,false
https://blues.ru/data/albumview.aspx?cdid=186,https://blues.ru/review/review-folk-singer/,301,false
https://blues.ru/data/albumview.aspx?cdid=187,https://blues.ru/review/review-crusade/,301,false
https://blues.ru/data/albumview.aspx?cdid=188,https://blues.ru/review/review-live-around-the-world-the-best-of-junior-wells/,301,false
https://blues.ru/data/albumview.aspx?cdid=189,https://blues.ru/review/review-where-it-all-begins/,301,false
https://blues.ru/data/albumview.aspx?cdid=190,https://blues.ru/review/review-blues/,301,false
https://blues.ru/data/albumview.aspx?cdid=191,https://blues.ru/review/review-bare-wires/,301,false
https://blues.ru/data/albumview.aspx?cdid=192,https://blues.ru/review/review-blues-from-laurel-canyon/,301,false
https://blues.ru/data/albumview.aspx?cdid=193,https://blues.ru/review/review-looking-back/,301,false
https://blues.ru/data/albumview.aspx?cdid=194,https://blues.ru/review/review-turning-point/,301,false
https://blues.ru/data/albumview.aspx?cdid=195,https://blues.ru/review/review-empty-rooms/,301,false
https://blues.ru/data/albumview.aspx?cdid=196,https://blues.ru/review/review-usa-union/,301,false
https://blues.ru/data/albumview.aspx?cdid=197,https://blues.ru/review/review-memories/,301,false
https://blues.ru/data/albumview.aspx?cdid=198,https://blues.ru/review/review-jazz-blues-fusion/,301,false
https://blues.ru/data/albumview.aspx?cdid=199,https://blues.ru/review/review-taj-mahal/,301,false
https://blues.ru/data/albumview.aspx?cdid=200,https://blues.ru/review/review-live-and-let-live/,301,false
https://blues.ru/data/albumview.aspx?cdid=201,https://blues.ru/review/review-the-natch-l-blues/,301,false
https://blues.ru/data/albumview.aspx?cdid=202,https://blues.ru/review/review-super-session/,301,false
https://blues.ru/data/albumview.aspx?cdid=203,https://blues.ru/review/review-trouble-no-more/,301,false
https://blues.ru/data/albumview.aspx?cdid=204,https://blues.ru/review/review-giant-step-de-ole-folks-at-home/,301,false
https://blues.ru/data/albumview.aspx?cdid=205,https://blues.ru/review/review-happy-just-to-be-like-i-am/,301,false
https://blues.ru/data/albumview.aspx?cdid=206,https://blues.ru/review/review-recycling-the-blues-other-related-stuff/,301,false
https://blues.ru/data/albumview.aspx?cdid=207,https://blues.ru/review/review-real-thing/,301,false
https://blues.ru/data/albumview.aspx?cdid=208,https://blues.ru/review/review-sounder/,301,false
https://blues.ru/data/albumview.aspx?cdid=209,https://blues.ru/review/review-oooh-so-good-n-blues/,301,false
https://blues.ru/data/albumview.aspx?cdid=210,https://blues.ru/review/review-mo-roots/,301,false
https://blues.ru/data/albumview.aspx?cdid=211,https://blues.ru/review/review-music-keeps-me-together/,301,false
https://blues.ru/data/albumview.aspx?cdid=212,https://blues.ru/review/review-satisfied-n-tickled-too/,301,false
https://blues.ru/data/albumview.aspx?cdid=213,https://blues.ru/review/review-music-fuh-ya-musica-para-tu/,301,false
https://blues.ru/data/albumview.aspx?cdid=214,https://blues.ru/review/review-brothers/,301,false
https://blues.ru/data/albumview.aspx?cdid=215,https://blues.ru/review/review-evolution-the-most-recent/,301,false
https://blues.ru/data/albumview.aspx?cdid=216,https://blues.ru/review/review-years-gone-by/,301,false
https://blues.ru/data/albumview.aspx?cdid=217,https://blues.ru/review/review-last-night-blues/,301,false
https://blues.ru/data/albumview.aspx?cdid=218,https://blues.ru/review/review-kulanjan/,301,false
https://blues.ru/data/albumview.aspx?cdid=219,https://blues.ru/review/review-shoutin-in-key-taj-mahal-the-phantom-blues-band-live/,301,false
https://blues.ru/data/albumview.aspx?cdid=220,https://blues.ru/review/review-hanapape-dream/,301,false
https://blues.ru/data/albumview.aspx?cdid=221,https://blues.ru/review/review-sacred-island/,301,false
https://blues.ru/data/albumview.aspx?cdid=222,https://blues.ru/review/review-legacy-of-the-blues-vol-12/,301,false
https://blues.ru/data/albumview.aspx?cdid=223,https://blues.ru/review/review-the-best-of-jimmy-witherspoon/,301,false
https://blues.ru/data/albumview.aspx?cdid=224,https://blues.ru/review/review-dancing-the-blues/,301,false
https://blues.ru/data/albumview.aspx?cdid=225,https://blues.ru/review/review-phantom-blues/,301,false
https://blues.ru/data/albumview.aspx?cdid=226,https://blues.ru/review/review-mule-bone/,301,false
https://blues.ru/data/albumview.aspx?cdid=227,https://blues.ru/review/review-senor-blues/,301,false
https://blues.ru/data/albumview.aspx?cdid=228,https://blues.ru/review/review-taj/,301,false
https://blues.ru/data/albumview.aspx?cdid=229,https://blues.ru/review/review-like-never-before/,301,false
https://blues.ru/data/albumview.aspx?cdid=230,https://blues.ru/review/review-heavy-timbre-chicago-boogie-piano/,301,false
https://blues.ru/data/albumview.aspx?cdid=231,https://blues.ru/review/review-relentless/,301,false
https://blues.ru/data/albumview.aspx?cdid=232,https://blues.ru/review/review-blues-in-the-blood/,301,false
https://blues.ru/data/albumview.aspx?cdid=233,https://blues.ru/review/review-hall-of-shame/,301,false
https://blues.ru/data/albumview.aspx?cdid=234,https://blues.ru/review/review-return-of-a-legend/,301,false
https://blues.ru/data/albumview.aspx?cdid=235,https://blues.ru/review/review-vol-2-boogie-woogie-trio/,301,false
https://blues.ru/data/albumview.aspx?cdid=236,https://blues.ru/review/review-romp/,301,false
https://blues.ru/data/albumview.aspx?cdid=237,https://blues.ru/review/review-blues-deluxe/,301,false
https://blues.ru/data/albumview.aspx?cdid=238,https://blues.ru/review/review-modern-master-the-best-of-rod-piazza-1968-2003/,301,false
https://blues.ru/data/albumview.aspx?cdid=239,https://blues.ru/review/review-kickin-it/,301,false
https://blues.ru/data/albumview.aspx?cdid=240,https://blues.ru/review/review-long-time-coming/,301,false
https://blues.ru/data/albumview.aspx?cdid=241,https://blues.ru/review/review-the-deepest-end/,301,false
https://blues.ru/data/albumview.aspx?cdid=242,https://blues.ru/review/review-another-fine-day/,301,false
https://blues.ru/data/albumview.aspx?cdid=243,https://blues.ru/review/review-bluesy-chill-out/,301,false
https://blues.ru/data/albumview.aspx?cdid=244,https://blues.ru/review/review-maybelle-s-blues/,301,false
https://blues.ru/data/albumview.aspx?cdid=245,https://blues.ru/review/review-blue-boogie/,301,false
https://blues.ru/data/albumview.aspx?cdid=246,https://blues.ru/review/review-which-way-is-texas/,301,false
https://blues.ru/data/albumview.aspx?cdid=247,https://blues.ru/review/review-prescription-for-the-blues/,301,false
https://blues.ru/data/albumview.aspx?cdid=248,https://blues.ru/review/review-the-screamin-cat/,301,false
https://blues.ru/data/albumview.aspx?cdid=249,https://blues.ru/review/review-don-t-feed-the-alligators/,301,false
https://blues.ru/data/albumview.aspx?cdid=250,https://blues.ru/review/review-brooklyn-basement-blues/,301,false
https://blues.ru/data/albumview.aspx?cdid=251,https://blues.ru/review/review-let-the-good-times-roll-the-music-of-louis-jordan/,301,false
https://blues.ru/data/albumview.aspx?cdid=252,https://blues.ru/review/review-dark-of-the-night/,301,false
https://blues.ru/data/albumview.aspx?cdid=253,https://blues.ru/review/review-duke-elegant/,301,false
https://blues.ru/data/albumview.aspx?cdid=254,https://blues.ru/review/review-lettin-go/,301,false
https://blues.ru/data/albumview.aspx?cdid=255,https://blues.ru/review/review-kingpin/,301,false
https://blues.ru/data/albumview.aspx?cdid=256,https://blues.ru/review/review-knockin-at-your-door/,301,false
https://blues.ru/data/albumview.aspx?cdid=257,https://blues.ru/review/review-healing-time/,301,false
https://blues.ru/data/albumview.aspx?cdid=258,https://blues.ru/review/review-chess-masters/,301,false
https://blues.ru/data/albumview.aspx?cdid=259,https://blues.ru/review/review-life-before-insanity/,301,false
https://blues.ru/data/albumview.aspx?cdid=260,https://blues.ru/review/review-circle/,301,false
https://blues.ru/data/albumview.aspx?cdid=261,https://blues.ru/review/review-riding-with-the-king/,301,false
https://blues.ru/data/albumview.aspx?cdid=262,https://blues.ru/review/review-been-a-long-time/,301,false
https://blues.ru/data/albumview.aspx?cdid=263,https://blues.ru/review/review-the-blues-white-album/,301,false
https://blues.ru/data/albumview.aspx?cdid=264,https://blues.ru/review/review-hell-or-high-water/,301,false
https://blues.ru/data/albumview.aspx?cdid=265,https://blues.ru/review/review-big-delta/,301,false
https://blues.ru/data/albumview.aspx?cdid=266,https://blues.ru/review/review-in-the-morning/,301,false
https://blues.ru/data/albumview.aspx?cdid=267,https://blues.ru/review/review-blue-moon/,301,false
https://blues.ru/data/albumview.aspx?cdid=268,https://blues.ru/review/review-whiskey-store-2/,301,false
https://blues.ru/data/albumview.aspx?cdid=269,https://blues.ru/review/review-now-this-is-what-we-call-blues-vol-420/,301,false
https://blues.ru/data/albumview.aspx?cdid=270,https://blues.ru/review/review-smokin/,301,false
https://blues.ru/data/albumview.aspx?cdid=271,https://blues.ru/review/review-reaching-the-cold-100/,301,false
https://blues.ru/data/albumview.aspx?cdid=272,https://blues.ru/review/review-pt-power-trio/,301,false
https://blues.ru/data/albumview.aspx?cdid=273,https://blues.ru/review/review-reflections/,301,false
https://blues.ru/data/albumview.aspx?cdid=274,https://blues.ru/review/review-love-is-greater-than-me/,301,false
https://blues.ru/data/albumview.aspx?cdid=275,https://blues.ru/review/review-deluxe-edition-5/,301,false
https://blues.ru/data/albumview.aspx?cdid=276,https://blues.ru/review/review-lucille-talks-back/,301,false
https://blues.ru/data/albumview.aspx?cdid=277,https://blues.ru/review/review-seven-turns/,301,false
https://blues.ru/data/albumview.aspx?cdid=278,https://blues.ru/review/review-on-tap/,301,false
https://blues.ru/data/albumview.aspx?cdid=279,https://blues.ru/review/review-truckload-of-loving/,301,false
https://blues.ru/data/albumview.aspx?cdid=280,https://blues.ru/review/review-back-to-the-roots/,301,false
https://blues.ru/data/albumview.aspx?cdid=281,https://blues.ru/review/review-smokes-like-lightning/,301,false
https://blues.ru/data/albumview.aspx?cdid=282,https://blues.ru/review/review-soul-blues/,301,false
https://blues.ru/data/albumview.aspx?cdid=283,https://blues.ru/review/review-east-west/,301,false
https://blues.ru/data/albumview.aspx?cdid=284,https://blues.ru/review/review-stand-back-here-comes-charley-musselwhite-s-southside/,301,false
https://blues.ru/data/albumview.aspx?cdid=285,https://blues.ru/review/review-i-wanna-get-funky/,301,false
https://blues.ru/data/albumview.aspx?cdid=286,https://blues.ru/review/review-i-ll-play-the-blues-for-you/,301,false
https://blues.ru/data/albumview.aspx?cdid=287,https://blues.ru/review/review-born-under-a-bad-sign/,301,false
https://blues.ru/data/albumview.aspx?cdid=288,https://blues.ru/review/review-the-allman-brothers-band/,301,false
https://blues.ru/data/albumview.aspx?cdid=289,https://blues.ru/review/review-idlewild-south/,301,false
https://blues.ru/data/albumview.aspx?cdid=290,https://blues.ru/review/review-at-fillmore-east/,301,false
https://blues.ru/data/albumview.aspx?cdid=291,https://blues.ru/review/review-go-tell-it-on-the-mountain/,301,false
https://blues.ru/data/albumview.aspx?cdid=292,https://blues.ru/review/review-eat-a-peach/,301,false
https://blues.ru/data/albumview.aspx?cdid=293,https://blues.ru/review/review-brothers-and-sisters/,301,false
https://blues.ru/data/albumview.aspx?cdid=294,https://blues.ru/review/review-win-lose-or-draw/,301,false
https://blues.ru/data/albumview.aspx?cdid=295,https://blues.ru/review/review-roots-of-our-nature/,301,false
https://blues.ru/data/albumview.aspx?cdid=296,https://blues.ru/review/review-on-a-mission/,301,false
https://blues.ru/data/albumview.aspx?cdid=297,https://blues.ru/review/review-boogie-woogie-zydeco/,301,false
https://blues.ru/data/albumview.aspx?cdid=298,https://blues.ru/review/review-la-toussaint/,301,false
https://blues.ru/data/albumview.aspx?cdid=299,https://blues.ru/review/review-king-cake-party/,301,false
https://blues.ru/data/albumview.aspx?cdid=300,https://blues.ru/review/review-riding-with-the-king-3/,301,false
https://blues.ru/data/albumview.aspx?cdid=301,https://blues.ru/review/review-deluxe-edition-6/,301,false
https://blues.ru/data/albumview.aspx?cdid=302,https://blues.ru/review/review-the-authorized-bootleg/,301,false
https://blues.ru/data/albumview.aspx?cdid=303,https://blues.ru/review/review-time-traders/,301,false
https://blues.ru/data/albumview.aspx?cdid=304,https://blues.ru/review/review-blue-gardenia/,301,false
https://blues.ru/data/albumview.aspx?cdid=305,https://blues.ru/review/review-burnin-down-the-house-live-at-the-house-of-blues/,301,false
https://blues.ru/data/albumview.aspx?cdid=307,https://blues.ru/review/review-contracted-to-the-devil-an-introduction-to-the-works/,301,false
https://blues.ru/data/albumview.aspx?cdid=308,https://blues.ru/review/review-smokin-2/,301,false
https://blues.ru/data/albumview.aspx?cdid=309,https://blues.ru/review/review-back-to-the-blues/,301,false
https://blues.ru/data/albumview.aspx?cdid=310,https://blues.ru/review/review-soul-of-a-man/,301,false
https://blues.ru/data/albumview.aspx?cdid=311,https://blues.ru/review/review-the-best-of-taj-mahal/,301,false
https://blues.ru/data/albumview.aspx?cdid=312,https://blues.ru/review/review-essential-stevie-ray-vaughan/,301,false
https://blues.ru/data/albumview.aspx?cdid=313,https://blues.ru/review/review-deluxe-edition-7/,301,false
https://blues.ru/data/albumview.aspx?cdid=314,https://blues.ru/review/review-face-to-face/,301,false
https://blues.ru/data/albumview.aspx?cdid=315,https://blues.ru/review/review-songs-from-the-southland/,301,false
https://blues.ru/data/albumview.aspx?cdid=316,https://blues.ru/review/review-blues-2-0/,301,false
https://blues.ru/data/albumview.aspx?cdid=317,https://blues.ru/review/review-soul-of-chris-thomas-king-the-roots/,301,false
https://blues.ru/data/albumview.aspx?cdid=318,https://blues.ru/review/review-chipped-front-tooth/,301,false
https://blues.ru/data/albumview.aspx?cdid=319,https://blues.ru/review/review-live-on/,301,false
https://blues.ru/data/albumview.aspx?cdid=320,https://blues.ru/review/review-make-it-rain/,301,false
https://blues.ru/data/albumview.aspx?cdid=321,https://blues.ru/review/review-short-fuse-blues/,301,false
https://blues.ru/data/albumview.aspx?cdid=322,https://blues.ru/review/review-new-frontier-lover/,301,false
https://blues.ru/data/albumview.aspx?cdid=323,https://blues.ru/review/review-wicked-grin/,301,false
https://blues.ru/data/albumview.aspx?cdid=324,https://blues.ru/review/review-serious/,301,false
https://blues.ru/data/albumview.aspx?cdid=325,https://blues.ru/review/review-harmonica-according-to-charlie/,301,false
https://blues.ru/data/albumview.aspx?cdid=326,https://blues.ru/review/review-complete-recordings/,301,false
https://blues.ru/data/albumview.aspx?cdid=327,https://blues.ru/review/review-in-the-skies/,301,false
https://blues.ru/data/albumview.aspx?cdid=328,https://blues.ru/review/review-little-dreamer/,301,false
https://blues.ru/data/albumview.aspx?cdid=329,https://blues.ru/review/review-whatcha-gonna-do/,301,false
https://blues.ru/data/albumview.aspx?cdid=330,https://blues.ru/review/review-white-sky/,301,false
https://blues.ru/data/albumview.aspx?cdid=331,https://blues.ru/review/review-kolors/,301,false
https://blues.ru/data/albumview.aspx?cdid=332,https://blues.ru/review/review-legend/,301,false
https://blues.ru/data/albumview.aspx?cdid=333,https://blues.ru/review/review-peter-green-splinter-group/,301,false
https://blues.ru/data/albumview.aspx?cdid=334,https://blues.ru/review/review-the-robert-johnson-songbook/,301,false
https://blues.ru/data/albumview.aspx?cdid=335,https://blues.ru/review/review-blue-plate-special/,301,false
https://blues.ru/data/albumview.aspx?cdid=336,https://blues.ru/review/review-blues-at-the-top/,301,false
https://blues.ru/data/albumview.aspx?cdid=337,https://blues.ru/review/review-blues-after-sunset/,301,false
https://blues.ru/data/albumview.aspx?cdid=338,https://blues.ru/review/review-i-can-t-lose/,301,false
https://blues.ru/data/albumview.aspx?cdid=339,https://blues.ru/review/review-don-t-feed-the-animals/,301,false
https://blues.ru/data/albumview.aspx?cdid=340,https://blues.ru/review/review-road-house-the-original-motion-picture-soundtrack/,301,false
https://blues.ru/data/albumview.aspx?cdid=341,https://blues.ru/review/review-at-last/,301,false
https://blues.ru/data/albumview.aspx?cdid=342,https://blues.ru/review/review-bull-durham-blues/,301,false
https://blues.ru/data/albumview.aspx?cdid=343,https://blues.ru/review/review-the-complete-50-s-chess-recordings/,301,false
https://blues.ru/data/albumview.aspx?cdid=344,https://blues.ru/review/review-the-color-of-money-the-original-motion-picture-soundt/,301,false
https://blues.ru/data/albumview.aspx?cdid=345,https://blues.ru/review/review-destiny-road/,301,false
https://blues.ru/data/albumview.aspx?cdid=346,https://blues.ru/review/review-hot-foot-powder/,301,false
https://blues.ru/data/albumview.aspx?cdid=347,https://blues.ru/review/review-goin-away/,301,false
https://blues.ru/data/albumview.aspx?cdid=348,https://blues.ru/review/review-moanin-for-molasses/,301,false
https://blues.ru/data/albumview.aspx?cdid=349,https://blues.ru/review/review-blue-bird/,301,false
https://blues.ru/data/albumview.aspx?cdid=350,https://blues.ru/review/review-luke-and-the-locomotives/,301,false
https://blues.ru/data/albumview.aspx?cdid=351,https://blues.ru/review/review-layaway/,301,false
https://blues.ru/data/albumview.aspx?cdid=352,https://blues.ru/review/review-cold-snap/,301,false
https://blues.ru/data/albumview.aspx?cdid=353,https://blues.ru/review/review-that-s-all-right/,301,false
https://blues.ru/data/albumview.aspx?cdid=354,https://blues.ru/review/review-mighty-man/,301,false
https://blues.ru/data/albumview.aspx?cdid=355,https://blues.ru/review/review-from-the-cradle/,301,false
https://blues.ru/data/albumview.aspx?cdid=356,https://blues.ru/review/review-dr-john-s-gumbo/,301,false
https://blues.ru/data/albumview.aspx?cdid=357,https://blues.ru/review/review-i-am-the-blues/,301,false
https://blues.ru/data/albumview.aspx?cdid=358,https://blues.ru/review/review-everybody-s-gettin-some/,301,false
https://blues.ru/data/albumview.aspx?cdid=359,https://blues.ru/review/review-live-at-buddy-guy-s-legends/,301,false
https://blues.ru/data/albumview.aspx?cdid=360,https://blues.ru/review/review-70th-birthday-concert/,301,false
https://blues.ru/data/albumview.aspx?cdid=361,https://blues.ru/review/review-amazing-grace/,301,false
https://blues.ru/data/albumview.aspx?cdid=362,https://blues.ru/review/review-lonesome-moon-trance/,301,false
https://blues.ru/data/albumview.aspx?cdid=363,https://blues.ru/review/review-use-what-you-got/,301,false
https://blues.ru/data/albumview.aspx?cdid=364,https://blues.ru/review/review-last-fair-deal/,301,false
https://blues.ru/data/albumview.aspx?cdid=365,https://blues.ru/review/review-old-souls-wolf-tickets/,301,false
https://blues.ru/data/albumview.aspx?cdid=366,https://blues.ru/review/review-t-bone-blues/,301,false
https://blues.ru/data/albumview.aspx?cdid=367,https://blues.ru/review/review-family-style/,301,false
https://blues.ru/data/albumview.aspx?cdid=368,https://blues.ru/review/review-the-real-folk-blues/,301,false
https://blues.ru/data/albumview.aspx?cdid=369,https://blues.ru/review/review-more-real-folk-blues/,301,false
https://blues.ru/data/albumview.aspx?cdid=370,https://blues.ru/review/review-rare-and-unissued/,301,false
https://blues.ru/data/albumview.aspx?cdid=371,https://blues.ru/review/review-trouble-no-more-singles-1955-1959/,301,false
https://blues.ru/data/albumview.aspx?cdid=372,https://blues.ru/review/review-best-of-mississippi-john-hurt/,301,false
https://blues.ru/data/albumview.aspx?cdid=373,https://blues.ru/review/review-give-it-up-to-love/,301,false
https://blues.ru/data/albumview.aspx?cdid=374,https://blues.ru/review/review-sledgehammer-soul-down-home/,301,false
https://blues.ru/data/albumview.aspx?cdid=375,https://blues.ru/review/review-the-london-muddy-waters-sessions/,301,false
https://blues.ru/data/albumview.aspx?cdid=376,https://blues.ru/review/review-woodstock-album/,301,false
https://blues.ru/data/albumview.aspx?cdid=377,https://blues.ru/review/review-journey/,301,false
https://blues.ru/data/albumview.aspx?cdid=378,https://blues.ru/review/review-sweet-dreams/,301,false
https://blues.ru/data/albumview.aspx?cdid=379,https://blues.ru/review/review-come-to-find/,301,false
https://blues.ru/data/albumview.aspx?cdid=380,https://blues.ru/review/review-you-can-t-take-my-blues/,301,false
https://blues.ru/data/albumview.aspx?cdid=381,https://blues.ru/review/review-unmarked-road/,301,false
https://blues.ru/data/albumview.aspx?cdid=382,https://blues.ru/review/review-lucky-strikes/,301,false
https://blues.ru/data/albumview.aspx?cdid=383,https://blues.ru/review/review-living-in-the-danger-zone/,301,false
https://blues.ru/data/albumview.aspx?cdid=384,https://blues.ru/review/review-sky-is-crying/,301,false
https://blues.ru/data/albumview.aspx?cdid=385,https://blues.ru/review/review-ultimate-collection/,301,false
https://blues.ru/data/albumview.aspx?cdid=386,https://blues.ru/review/review-the-electric-b-b-his-best/,301,false
https://blues.ru/data/albumview.aspx?cdid=387,https://blues.ru/review/review-live-at-the-regal/,301,false
https://blues.ru/data/albumview.aspx?cdid=388,https://blues.ru/review/review-completely-well/,301,false
https://blues.ru/data/albumview.aspx?cdid=389,https://blues.ru/review/review-indianola-mississippi-seeds/,301,false
https://blues.ru/data/albumview.aspx?cdid=390,https://blues.ru/review/review-in-london/,301,false
https://blues.ru/data/albumview.aspx?cdid=391,https://blues.ru/review/review-l-a-midnight/,301,false
https://blues.ru/data/albumview.aspx?cdid=392,https://blues.ru/review/review-to-know-you-is-to-love-you/,301,false
https://blues.ru/data/albumview.aspx?cdid=393,https://blues.ru/review/review-friends/,301,false
https://blues.ru/data/albumview.aspx?cdid=394,https://blues.ru/review/review-king-size/,301,false
https://blues.ru/data/albumview.aspx?cdid=395,https://blues.ru/review/review-midnight-believer/,301,false
https://blues.ru/data/albumview.aspx?cdid=396,https://blues.ru/review/review-take-it-home/,301,false
https://blues.ru/data/albumview.aspx?cdid=397,https://blues.ru/review/review-there-must-be-a-better-world-somewhere/,301,false
https://blues.ru/data/albumview.aspx?cdid=398,https://blues.ru/review/review-blues-summit/,301,false
https://blues.ru/data/albumview.aspx?cdid=399,https://blues.ru/review/review-it-serve-you-right-to-suffer/,301,false
https://blues.ru/data/albumview.aspx?cdid=400,https://blues.ru/review/review-house-of-the-blues/,301,false
https://blues.ru/data/albumview.aspx?cdid=401,https://blues.ru/review/review-40-blue-fingers-freshly-packed-ready-to-serve/,301,false
https://blues.ru/data/albumview.aspx?cdid=402,https://blues.ru/review/review-company-man/,301,false
https://blues.ru/data/albumview.aspx?cdid=403,https://blues.ru/review/review-juke-rhythm/,301,false
https://blues.ru/data/albumview.aspx?cdid=404,https://blues.ru/review/review-mileage/,301,false
https://blues.ru/data/albumview.aspx?cdid=405,https://blues.ru/review/review-found-true-love/,301,false
https://blues.ru/data/albumview.aspx?cdid=406,https://blues.ru/review/review-john-hammond/,301,false
https://blues.ru/data/albumview.aspx?cdid=407,https://blues.ru/review/review-o-k-ken/,301,false
https://blues.ru/data/albumview.aspx?cdid=408,https://blues.ru/review/review-rhythm-blues-soul-grooves/,301,false
https://blues.ru/data/albumview.aspx?cdid=409,https://blues.ru/review/review-big-city-blues/,301,false
https://blues.ru/data/albumview.aspx?cdid=410,https://blues.ru/review/review-dr-john-plays-mac-rebennack/,301,false
https://blues.ru/data/albumview.aspx?cdid=411,https://blues.ru/review/review-the-brightest-smile-in-town/,301,false
https://blues.ru/data/albumview.aspx?cdid=412,https://blues.ru/review/review-babylon/,301,false
https://blues.ru/data/albumview.aspx?cdid=413,https://blues.ru/review/review-afterglow/,301,false
https://blues.ru/data/albumview.aspx?cdid=414,https://blues.ru/review/review-gris-gris/,301,false
https://blues.ru/data/albumview.aspx?cdid=415,https://blues.ru/review/review-remedies/,301,false
https://blues.ru/data/albumview.aspx?cdid=416,https://blues.ru/review/review-the-sun-moon-herbs/,301,false
https://blues.ru/data/albumview.aspx?cdid=417,https://blues.ru/review/review-in-the-right-place/,301,false
https://blues.ru/data/albumview.aspx?cdid=418,https://blues.ru/review/review-desitively-bonnaroo/,301,false
https://blues.ru/data/albumview.aspx?cdid=419,https://blues.ru/review/review-shades-of-two-worlds/,301,false
https://blues.ru/data/albumview.aspx?cdid=420,https://blues.ru/review/review-a-little-more-faith/,301,false
https://blues.ru/data/albumview.aspx?cdid=421,https://blues.ru/review/review-medicine-show-man-vol-2/,301,false
https://blues.ru/data/albumview.aspx?cdid=422,https://blues.ru/review/review-dedicated-to-the-blues/,301,false
https://blues.ru/data/albumview.aspx?cdid=423,https://blues.ru/review/review-willie-s-blues/,301,false
https://blues.ru/data/albumview.aspx?cdid=424,https://blues.ru/review/review-shake-em-on-down/,301,false
https://blues.ru/data/albumview.aspx?cdid=425,https://blues.ru/review/review-boogie-woogie-for-two-pianists/,301,false
https://blues.ru/data/albumview.aspx?cdid=426,https://blues.ru/review/review-boogie-woogie-baby/,301,false
https://blues.ru/data/albumview.aspx?cdid=427,https://blues.ru/review/review-groovin-with-manfred/,301,false
https://blues.ru/data/albumview.aspx?cdid=428,https://blues.ru/review/review-bankin-on-the-boogie/,301,false
https://blues.ru/data/albumview.aspx?cdid=429,https://blues.ru/review/review-live-at-antone-s-vol-1/,301,false
https://blues.ru/data/albumview.aspx?cdid=430,https://blues.ru/review/review-woman-across-the-river/,301,false
https://blues.ru/data/albumview.aspx?cdid=431,https://blues.ru/review/review-texas-cannonball/,301,false
https://blues.ru/data/albumview.aspx?cdid=432,https://blues.ru/review/review-getting-ready/,301,false
https://blues.ru/data/albumview.aspx?cdid=433,https://blues.ru/review/review-cricklewood-green/,301,false
https://blues.ru/data/albumview.aspx?cdid=434,https://blues.ru/review/review-lake-placid-blues/,301,false
https://blues.ru/data/albumview.aspx?cdid=435,https://blues.ru/review/review-volker-strifler-band/,301,false
https://blues.ru/data/albumview.aspx?cdid=436,https://blues.ru/review/review-blues-with-a-touch-of-soul/,301,false
https://blues.ru/data/albumview.aspx?cdid=437,https://blues.ru/review/review-ry-cooder/,301,false
https://blues.ru/data/albumview.aspx?cdid=438,https://blues.ru/review/review-into-the-purple-valley/,301,false
https://blues.ru/data/albumview.aspx?cdid=439,https://blues.ru/review/review-boomer-s-story/,301,false
https://blues.ru/data/albumview.aspx?cdid=440,https://blues.ru/review/review-paradise-and-lunch/,301,false
https://blues.ru/data/albumview.aspx?cdid=441,https://blues.ru/review/review-chicken-skin-music/,301,false
https://blues.ru/data/albumview.aspx?cdid=442,https://blues.ru/review/review-jazz/,301,false
https://blues.ru/data/albumview.aspx?cdid=443,https://blues.ru/review/review-bop-till-you-drop/,301,false
https://blues.ru/data/albumview.aspx?cdid=444,https://blues.ru/review/review-borderline/,301,false
https://blues.ru/data/albumview.aspx?cdid=445,https://blues.ru/review/review-the-slide-area/,301,false
https://blues.ru/data/albumview.aspx?cdid=446,https://blues.ru/review/review-crossroads/,301,false
https://blues.ru/data/albumview.aspx?cdid=447,https://blues.ru/review/review-get-rhythm/,301,false
https://blues.ru/data/albumview.aspx?cdid=448,https://blues.ru/review/review-i-was-walking-through-the-woods/,301,false
https://blues.ru/data/albumview.aspx?cdid=449,https://blues.ru/review/review-hold-that-plane/,301,false
https://blues.ru/data/albumview.aspx?cdid=450,https://blues.ru/review/review-stone-crazy/,301,false
https://blues.ru/data/albumview.aspx?cdid=451,https://blues.ru/review/review-blues-for-thought/,301,false
https://blues.ru/data/albumview.aspx?cdid=452,https://blues.ru/review/review-puttin-it-down/,301,false
https://blues.ru/data/albumview.aspx?cdid=453,https://blues.ru/review/review-come-to-the-river/,301,false
https://blues.ru/data/albumview.aspx?cdid=454,https://blues.ru/review/review-walk-that-walk/,301,false
https://blues.ru/data/albumview.aspx?cdid=455,https://blues.ru/review/review-mississippi-magic/,301,false
https://blues.ru/data/albumview.aspx?cdid=456,https://blues.ru/review/review-stonedhenge/,301,false
https://blues.ru/data/albumview.aspx?cdid=457,https://blues.ru/review/review-driftin-blues/,301,false
https://blues.ru/data/albumview.aspx?cdid=458,https://blues.ru/review/review-ssssh/,301,false
https://blues.ru/data/albumview.aspx?cdid=459,https://blues.ru/review/review-better-off-with-the-blues/,301,false
https://blues.ru/data/albumview.aspx?cdid=460,https://blues.ru/review/review-that-woman-is-poison/,301,false
https://blues.ru/data/albumview.aspx?cdid=461,https://blues.ru/review/review-it-s-my-life-baby/,301,false
https://blues.ru/data/albumview.aspx?cdid=462,https://blues.ru/review/review-blues-in-the-bottle/,301,false
https://blues.ru/data/albumview.aspx?cdid=463,https://blues.ru/review/review-ten-years-are-gone-2lp/,301,false
https://blues.ru/data/albumview.aspx?cdid=464,https://blues.ru/review/review-texas-tornado/,301,false
https://blues.ru/data/albumview.aspx?cdid=465,https://blues.ru/review/review-l-a-blues/,301,false
https://blues.ru/data/albumview.aspx?cdid=466,https://blues.ru/review/review-soho-live-at-ronnie-scotts/,301,false
https://blues.ru/data/albumview.aspx?cdid=467,https://blues.ru/review/review-still-alive-and-well/,301,false
https://blues.ru/data/albumview.aspx?cdid=468,https://blues.ru/review/review-treat-me-right/,301,false
https://blues.ru/data/albumview.aspx?cdid=469,https://blues.ru/review/review-in-chicago-2cd/,301,false
https://blues.ru/data/albumview.aspx?cdid=470,https://blues.ru/review/review-devil-s-train/,301,false
https://blues.ru/data/albumview.aspx?cdid=471,https://blues.ru/review/review-black-pearls/,301,false
https://blues.ru/data/albumview.aspx?cdid=472,https://blues.ru/review/review-the-bootleg-series-vol-4-bob-dylan-live-1966-the-roya/,301,false
https://blues.ru/data/albumview.aspx?cdid=473,https://blues.ru/review/review-bob-dylan-live-1975-the-bootleg-series-volume-5-rolli/,301,false
https://blues.ru/data/albumview.aspx?cdid=474,https://blues.ru/review/review-down-by-the-jetty/,301,false
https://blues.ru/data/albumview.aspx?cdid=475,https://blues.ru/review/review-southside-of-the-sky/,301,false
https://blues.ru/data/albumview.aspx?cdid=476,https://blues.ru/review/review-on-wings-of-dirty-angels/,301,false
https://blues.ru/data/albumview.aspx?cdid=477,https://blues.ru/review/review-angry-southern-gentleman/,301,false
https://blues.ru/data/albumview.aspx?cdid=478,https://blues.ru/review/review-southern-rock-opera/,301,false
https://blues.ru/data/albumview.aspx?cdid=479,https://blues.ru/review/review-guitar-trouble/,301,false
https://blues.ru/data/albumview.aspx?cdid=480,https://blues.ru/review/review-different-beat/,301,false
https://blues.ru/data/albumview.aspx?cdid=481,https://blues.ru/review/review-king-biscuit-flower-hour-in-concert/,301,false
https://blues.ru/data/albumview.aspx?cdid=482,https://blues.ru/review/review-gov-t-mule/,301,false
https://blues.ru/data/albumview.aspx?cdid=484,https://blues.ru/review/review-me-mr-johnson/,301,false
https://blues.ru/data/albumview.aspx?cdid=485,https://blues.ru/review/review-very-rare/,301,false
https://blues.ru/data/albumview.aspx?cdid=486,https://blues.ru/review/review-south-side-reunion/,301,false
https://blues.ru/data/albumview.aspx?cdid=487,https://blues.ru/review/review-blue-memphis/,301,false
https://blues.ru/data/albumview.aspx?cdid=488,https://blues.ru/review/review-dose/,301,false
https://blues.ru/data/albumview.aspx?cdid=489,https://blues.ru/review/review-deja-voodoo/,301,false
https://blues.ru/data/albumview.aspx?cdid=490,https://blues.ru/review/review-live-at-roseland-ballroom/,301,false
https://blues.ru/data/albumview.aspx?cdid=491,https://blues.ru/review/review-wipe-the-windows-check-the-oil-dollar-gas/,301,false
https://blues.ru/data/albumview.aspx?cdid=492,https://blues.ru/review/review-the-deep-end-vol-1/,301,false
https://blues.ru/data/albumview.aspx?cdid=493,https://blues.ru/review/review-together/,301,false
https://blues.ru/data/albumview.aspx?cdid=494,https://blues.ru/review/review-live-at-the-basement-dvd/,301,false
https://blues.ru/data/albumview.aspx?cdid=495,https://blues.ru/review/review-gregg-allman-tour/,301,false
https://blues.ru/data/albumview.aspx?cdid=496,https://blues.ru/review/review-north-south/,301,false
https://blues.ru/data/albumview.aspx?cdid=497,https://blues.ru/review/review-first-recordings-the-alan-lomax-portait-series/,301,false
https://blues.ru/data/albumview.aspx?cdid=498,https://blues.ru/review/review-country-boy-down-in-new-orleans/,301,false
https://blues.ru/data/albumview.aspx?cdid=499,https://blues.ru/review/review-in-my-own-dream/,301,false
https://blues.ru/data/albumview.aspx?cdid=500,https://blues.ru/review/review-keep-on-moving/,301,false
https://blues.ru/data/albumview.aspx?cdid=501,https://blues.ru/review/review-highway-call/,301,false
https://blues.ru/data/albumview.aspx?cdid=502,https://blues.ru/review/review-dickey-betts-great-southern/,301,false
https://blues.ru/data/albumview.aspx?cdid=503,https://blues.ru/review/review-atlanta-s-burning-down/,301,false
https://blues.ru/data/albumview.aspx?cdid=504,https://blues.ru/review/review-just-before-the-bullets-fly/,301,false
https://blues.ru/data/albumview.aspx?cdid=505,https://blues.ru/review/review-an-anthology-vol-ii/,301,false
https://blues.ru/data/albumview.aspx?cdid=506,https://blues.ru/review/review-safari-to-new-orleans/,301,false
https://blues.ru/data/albumview.aspx?cdid=507,https://blues.ru/review/review-the-hour-glass/,301,false
https://blues.ru/data/albumview.aspx?cdid=508,https://blues.ru/review/review-band-of-gypsys/,301,false
https://blues.ru/data/albumview.aspx?cdid=509,https://blues.ru/review/review-lightnin-hopkins-in-new-york/,301,false
https://blues.ru/data/albumview.aspx?cdid=510,https://blues.ru/review/review-boogie-with-canned-heat/,301,false
https://blues.ru/data/albumview.aspx?cdid=511,https://blues.ru/review/review-cabbage-greens/,301,false
https://blues.ru/data/albumview.aspx?cdid=512,https://blues.ru/review/review-7936-south-rhodes/,301,false
https://blues.ru/data/albumview.aspx?cdid=513,https://blues.ru/review/review-siegel-schwall-band/,301,false
https://blues.ru/data/albumview.aspx?cdid=514,https://blues.ru/review/review-taking-it-home/,301,false
https://blues.ru/data/albumview.aspx?cdid=515,https://blues.ru/review/review-the-band-kept-playing/,301,false
https://blues.ru/data/albumview.aspx?cdid=516,https://blues.ru/review/review-what-it-is-live-at-montreux/,301,false
https://blues.ru/data/albumview.aspx?cdid=517,https://blues.ru/review/review-flimdoozie/,301,false
https://blues.ru/data/albumview.aspx?cdid=518,https://blues.ru/review/review-here-comes-shuggie-otis/,301,false
https://blues.ru/data/albumview.aspx?cdid=519,https://blues.ru/review/review-my-little-shop-of-horrors/,301,false
https://blues.ru/data/albumview.aspx?cdid=520,https://blues.ru/review/review-black-white-blues/,301,false
https://blues.ru/data/albumview.aspx?cdid=521,https://blues.ru/review/review-sittin-here-thinkin/,301,false
https://blues.ru/data/albumview.aspx?cdid=522,https://blues.ru/review/review-southside-blues-jam/,301,false
https://blues.ru/data/albumview.aspx?cdid=523,https://blues.ru/review/review-mr-mature/,301,false
https://blues.ru/data/albumview.aspx?cdid=524,https://blues.ru/review/review-an-anthology/,301,false
https://blues.ru/data/albumview.aspx?cdid=525,https://blues.ru/review/review-just-like-you/,301,false
https://blues.ru/data/albumview.aspx?cdid=526,https://blues.ru/review/review-slow-down/,301,false
https://blues.ru/data/albumview.aspx?cdid=527,https://blues.ru/review/review-keb-mo/,301,false
https://blues.ru/data/albumview.aspx?cdid=528,https://blues.ru/review/review-whoopin-the-blues-the-capitol-recordings-1947-1950/,301,false
https://blues.ru/data/albumview.aspx?cdid=529,https://blues.ru/review/review-blues-masters-vol-12/,301,false
https://blues.ru/data/albumview.aspx?cdid=530,https://blues.ru/review/review-the-very-best-of-vol-1-2-3/,301,false
https://blues.ru/data/albumview.aspx?cdid=531,https://blues.ru/review/review-new-orleans-street-singer/,301,false
https://blues.ru/data/albumview.aspx?cdid=532,https://blues.ru/review/review-never-get-out-of-the-blues-alive/,301,false
https://blues.ru/data/albumview.aspx?cdid=533,https://blues.ru/review/review-king-of-the-blues-1989/,301,false
https://blues.ru/data/albumview.aspx?cdid=534,https://blues.ru/review/review-live-at-san-quentin/,301,false
https://blues.ru/data/albumview.aspx?cdid=535,https://blues.ru/review/review-lots-of-people/,301,false
https://blues.ru/data/albumview.aspx?cdid=536,https://blues.ru/review/review-just-a-closer-walk-with-thee/,301,false
https://blues.ru/data/albumview.aspx?cdid=537,https://blues.ru/review/review-in-san-francisco-crosscut-saw/,301,false
https://blues.ru/data/albumview.aspx?cdid=538,https://blues.ru/review/review-i-m-in-a-phone-booth-baby/,301,false
https://blues.ru/data/albumview.aspx?cdid=539,https://blues.ru/review/review-bluesy-josephine/,301,false
https://blues.ru/data/albumview.aspx?cdid=540,https://blues.ru/review/review-feelin-the-blues/,301,false
https://blues.ru/data/albumview.aspx?cdid=541,https://blues.ru/review/review-legacy-of-the-blues-vol-1/,301,false
https://blues.ru/data/albumview.aspx?cdid=542,https://blues.ru/review/review-put-it-in-your-ear/,301,false
https://blues.ru/data/albumview.aspx?cdid=543,https://blues.ru/review/review-coming-at-you/,301,false
https://blues.ru/data/albumview.aspx?cdid=544,https://blues.ru/review/review-so-many-roads/,301,false
https://blues.ru/data/albumview.aspx?cdid=545,https://blues.ru/review/review-hot-tracks/,301,false
https://blues.ru/data/albumview.aspx?cdid=546,https://blues.ru/review/review-black-midnight-sun/,301,false
https://blues.ru/data/albumview.aspx?cdid=547,https://blues.ru/review/review-hot-shot/,301,false
https://blues.ru/data/albumview.aspx?cdid=548,https://blues.ru/review/review-talkin-about-soul/,301,false
https://blues.ru/data/albumview.aspx?cdid=550,https://blues.ru/review/review-chicken-heads/,301,false
https://blues.ru/data/albumview.aspx?cdid=551,https://blues.ru/review/review-mighty-joe-young/,301,false
https://blues.ru/data/albumview.aspx?cdid=552,https://blues.ru/review/review-blues-with-a-touch-of-soul-2/,301,false
https://blues.ru/data/albumview.aspx?cdid=553,https://blues.ru/review/review-walkin-the-back-streets/,301,false
https://blues.ru/data/albumview.aspx?cdid=554,https://blues.ru/review/review-waiting-for-little-milton/,301,false
https://blues.ru/data/albumview.aspx?cdid=555,https://blues.ru/review/review-what-it-is/,301,false
https://blues.ru/data/albumview.aspx?cdid=556,https://blues.ru/review/review-grits-ain-t-groceries/,301,false
https://blues.ru/data/albumview.aspx?cdid=557,https://blues.ru/review/review-blues-n-soul/,301,false
https://blues.ru/data/albumview.aspx?cdid=558,https://blues.ru/review/review-the-resurrection-of-pigboy-crabshaw/,301,false
https://blues.ru/data/albumview.aspx?cdid=559,https://blues.ru/review/review-live/,301,false
https://blues.ru/data/albumview.aspx?cdid=560,https://blues.ru/review/review-legacy-of-the-blues-vol-4/,301,false
https://blues.ru/data/albumview.aspx?cdid=561,https://blues.ru/review/review-royal-jam/,301,false
https://blues.ru/data/albumview.aspx?cdid=563,https://blues.ru/review/review-from-the-dust/,301,false
https://blues.ru/data/albumview.aspx?cdid=564,https://blues.ru/review/review-the-best-of-the-modern-years/,301,false
https://blues.ru/data/albumview.aspx?cdid=565,https://blues.ru/review/review-best-of-the-black-white-imperial-years/,301,false
https://blues.ru/data/albumview.aspx?cdid=566,https://blues.ru/review/review-corky-siegel-s-traveling-chamber-blues-show/,301,false
https://blues.ru/data/albumview.aspx?cdid=567,https://blues.ru/review/review-the-best-of-the-modern-years-2/,301,false
https://blues.ru/data/albumview.aspx?cdid=568,https://blues.ru/review/review-the-best-of-the-modern-years-3/,301,false
https://blues.ru/data/albumview.aspx?cdid=569,https://blues.ru/review/review-live-2/,301,false
https://blues.ru/data/albumview.aspx?cdid=570,https://blues.ru/review/review-praying-time/,301,false
https://blues.ru/data/albumview.aspx?cdid=571,https://blues.ru/review/review-love-is-a-five-letter-word/,301,false
https://blues.ru/data/albumview.aspx?cdid=572,https://blues.ru/review/review-spoonful/,301,false
https://blues.ru/data/albumview.aspx?cdid=573,https://blues.ru/review/review-ice-water/,301,false
https://blues.ru/data/albumview.aspx?cdid=574,https://blues.ru/review/review-chewing-pine/,301,false
https://blues.ru/data/albumview.aspx?cdid=575,https://blues.ru/review/review-leo-kottke/,301,false
https://blues.ru/data/albumview.aspx?cdid=576,https://blues.ru/review/review-guitar-music/,301,false
https://blues.ru/data/albumview.aspx?cdid=577,https://blues.ru/review/review-two-the-hard-way/,301,false
https://blues.ru/data/albumview.aspx?cdid=578,https://blues.ru/review/review-paul-butterfield-s-better-days/,301,false
https://blues.ru/data/albumview.aspx?cdid=579,https://blues.ru/review/review-sometimes-i-just-feel-like-smilin/,301,false
https://blues.ru/data/albumview.aspx?cdid=580,https://blues.ru/review/review-it-all-comes-back/,301,false
https://blues.ru/data/albumview.aspx?cdid=581,https://blues.ru/review/review-the-paul-butterfield-blues-band/,301,false
https://blues.ru/data/albumview.aspx?cdid=582,https://blues.ru/review/review-new-king-of-the-blues-harmonica/,301,false
https://blues.ru/data/albumview.aspx?cdid=583,https://blues.ru/review/review-hard-goin-up/,301,false
https://blues.ru/data/albumview.aspx?cdid=584,https://blues.ru/review/review-blues-brothers-2000-soundtrack/,301,false
https://blues.ru/data/albumview.aspx?cdid=585,https://blues.ru/review/review-searching-for-simplicity/,301,false
https://blues.ru/data/albumview.aspx?cdid=586,https://blues.ru/review/review-high-on-the-blues/,301,false
https://blues.ru/data/albumview.aspx?cdid=587,https://blues.ru/review/review-legacy-of-the-blues-vol-3/,301,false
https://blues.ru/data/albumview.aspx?cdid=588,https://blues.ru/review/review-legacy-of-the-blues-vol-8/,301,false
https://blues.ru/data/albumview.aspx?cdid=589,https://blues.ru/review/review-the-deepest-end-3/,301,false
https://blues.ru/data/albumview.aspx?cdid=590,https://blues.ru/review/review-hollywood-be-thy-name/,301,false
https://blues.ru/data/albumview.aspx?cdid=591,https://blues.ru/review/review-city-lights/,301,false
https://blues.ru/data/albumview.aspx?cdid=592,https://blues.ru/review/review-tango-palace/,301,false
https://blues.ru/data/albumview.aspx?cdid=593,https://blues.ru/review/review-blues-masters/,301,false
https://blues.ru/data/albumview.aspx?cdid=594,https://blues.ru/review/review-blues-masters-2/,301,false
https://blues.ru/data/albumview.aspx?cdid=595,https://blues.ru/review/review-baby-you-can-get-your-gun/,301,false
https://blues.ru/data/albumview.aspx?cdid=596,https://blues.ru/review/review-the-legacy-of-the-blues-vol-2/,301,false
https://blues.ru/data/albumview.aspx?cdid=597,https://blues.ru/review/review-condition-blue/,301,false
https://blues.ru/data/albumview.aspx?cdid=598,https://blues.ru/review/review-brownie-mcghee-and-sonny-terry/,301,false
https://blues.ru/data/albumview.aspx?cdid=599,https://blues.ru/review/review-brownie-mcghee-sonny-terry/,301,false
https://blues.ru/data/albumview.aspx?cdid=600,https://blues.ru/review/review-sonny-brownie/,301,false
https://blues.ru/data/albumview.aspx?cdid=601,https://blues.ru/review/review-rainy-day/,301,false
https://blues.ru/data/albumview.aspx?cdid=602,https://blues.ru/review/review-sonny-s-story/,301,false
https://blues.ru/data/albumview.aspx?cdid=603,https://blues.ru/review/review-sonny-is-king/,301,false
https://blues.ru/data/albumview.aspx?cdid=604,https://blues.ru/review/review-at-sugar-hill/,301,false
https://blues.ru/data/albumview.aspx?cdid=605,https://blues.ru/review/review-who-s-been-talkin/,301,false
https://blues.ru/data/albumview.aspx?cdid=606,https://blues.ru/review/review-bad-influence/,301,false
https://blues.ru/data/albumview.aspx?cdid=607,https://blues.ru/review/review-friends-3/,301,false
https://blues.ru/data/albumview.aspx?cdid=608,https://blues.ru/review/review-natural-light/,301,false
https://blues.ru/data/albumview.aspx?cdid=609,https://blues.ru/review/review-blues-recorded-live-at-godfrey-daniels/,301,false
https://blues.ru/data/albumview.aspx?cdid=610,https://blues.ru/review/review-give-in-kind/,301,false
https://blues.ru/data/albumview.aspx?cdid=611,https://blues.ru/review/review-chocolate-to-the-bone/,301,false
https://blues.ru/data/albumview.aspx?cdid=612,https://blues.ru/review/review-sisters-brothers/,301,false
https://blues.ru/data/albumview.aspx?cdid=613,https://blues.ru/review/review-wild-live-at-le-plan/,301,false
https://blues.ru/data/albumview.aspx?cdid=614,https://blues.ru/review/review-north-south-2/,301,false
https://blues.ru/data/albumview.aspx?cdid=615,https://blues.ru/review/review-live-in-europe-1975/,301,false
https://blues.ru/data/albumview.aspx?cdid=616,https://blues.ru/review/review-restless-feeling/,301,false
https://blues.ru/data/albumview.aspx?cdid=617,https://blues.ru/review/review-live-and-burning/,301,false
https://blues.ru/data/albumview.aspx?cdid=618,https://blues.ru/review/review-you-left-me-in-the-dark/,301,false
https://blues.ru/data/albumview.aspx?cdid=619,https://blues.ru/review/review-the-final-years/,301,false
https://blues.ru/data/albumview.aspx?cdid=620,https://blues.ru/review/review-baby-don-t-you-tear-my-clothes/,301,false
https://blues.ru/data/albumview.aspx?cdid=621,https://blues.ru/review/review-everybody-hollerin-goat/,301,false
https://blues.ru/data/albumview.aspx?cdid=622,https://blues.ru/review/review-i-want-to-boogie/,301,false
https://blues.ru/data/albumview.aspx?cdid=623,https://blues.ru/review/review-jack-o-diamonds-1949-recordings/,301,false
https://blues.ru/data/albumview.aspx?cdid=624,https://blues.ru/review/review-live-adventures-of-michael-bloomfield-al-kooper/,301,false
https://blues.ru/data/albumview.aspx?cdid=625,https://blues.ru/review/review-d-c-blues-library-of-congress-recordings/,301,false
https://blues.ru/data/albumview.aspx?cdid=626,https://blues.ru/review/review-complete-recorded-works-1935-1949/,301,false
https://blues.ru/data/albumview.aspx?cdid=627,https://blues.ru/review/review-100-cotton/,301,false
https://blues.ru/data/albumview.aspx?cdid=628,https://blues.ru/review/review-this-ain-t-no-rock-n-roll/,301,false
https://blues.ru/data/albumview.aspx?cdid=629,https://blues.ru/review/review-living-country-blues-an-anthology/,301,false
https://blues.ru/data/albumview.aspx?cdid=630,https://blues.ru/review/review-i-ll-just-keep-on-singin-the-blues/,301,false
https://blues.ru/data/albumview.aspx?cdid=631,https://blues.ru/review/review-mouth-harp-maestro/,301,false
https://blues.ru/data/albumview.aspx?cdid=632,https://blues.ru/review/review-you-better-keep-still/,301,false
https://blues.ru/data/albumview.aspx?cdid=633,https://blues.ru/review/review-with-ronnie-earl-and-the-broadcasters/,301,false
https://blues.ru/data/albumview.aspx?cdid=634,https://blues.ru/review/review-mississippi-hill-country-blues/,301,false
https://blues.ru/data/albumview.aspx?cdid=635,https://blues.ru/review/review-one-string-blues/,301,false
https://blues.ru/data/albumview.aspx?cdid=636,https://blues.ru/review/review-classic-delta-blues/,301,false
https://blues.ru/data/albumview.aspx?cdid=637,https://blues.ru/review/review-remember-me/,301,false
https://blues.ru/data/albumview.aspx?cdid=638,https://blues.ru/review/review-the-original-rolling-stone/,301,false
https://blues.ru/data/albumview.aspx?cdid=639,https://blues.ru/review/review-stomp-down-rider/,301,false
https://blues.ru/data/albumview.aspx?cdid=640,https://blues.ru/review/review-at-the-bunkhouse/,301,false
https://blues.ru/data/albumview.aspx?cdid=641,https://blues.ru/review/review-my-black-name-a-ringin/,301,false
https://blues.ru/data/albumview.aspx?cdid=642,https://blues.ru/review/review-the-door/,301,false
https://blues.ru/data/albumview.aspx?cdid=643,https://blues.ru/review/review-chicago-blues-festival-1964/,301,false
https://blues.ru/data/albumview.aspx?cdid=644,https://blues.ru/review/review-big-wide-grin/,301,false
https://blues.ru/data/albumview.aspx?cdid=645,https://blues.ru/review/review-blues-reflex/,301,false
https://blues.ru/data/albumview.aspx?cdid=646,https://blues.ru/review/review-keep-it-simple/,301,false
https://blues.ru/data/albumview.aspx?cdid=647,https://blues.ru/review/review-peace-back-by-popular-demand/,301,false
https://blues.ru/data/albumview.aspx?cdid=648,https://blues.ru/review/review-guitar-heaven/,301,false
https://blues.ru/data/albumview.aspx?cdid=649,https://blues.ru/review/review-my-feeling-for-the-blues/,301,false
https://blues.ru/data/albumview.aspx?cdid=650,https://blues.ru/review/review-there-will-be-a-light/,301,false
https://blues.ru/data/albumview.aspx?cdid=651,https://blues.ru/review/,301,false
https://blues.ru/data/albumview.aspx?cdid=652,https://blues.ru/review/review-fast-texas/,301,false
https://blues.ru/data/albumview.aspx?cdid=653,https://blues.ru/review/review-all-by-hisself-live-at-the-lonestar/,301,false
https://blues.ru/data/albumview.aspx?cdid=654,https://blues.ru/review/review-robert-cage-can-see-what-you-re-doing/,301,false
https://blues.ru/data/albumview.aspx?cdid=655,https://blues.ru/review/review-double-take/,301,false
https://blues.ru/data/albumview.aspx?cdid=656,https://blues.ru/review/review-the-beginning-1929-1946/,301,false
https://blues.ru/data/albumview.aspx?cdid=657,https://blues.ru/review/review-back-on-top/,301,false
https://blues.ru/data/albumview.aspx?cdid=658,https://blues.ru/review/review-back-to-the-crossroads-the-roots-of-robert-johnson/,301,false
https://blues.ru/data/albumview.aspx?cdid=659,https://blues.ru/review/review-standing-at-the-crossroads/,301,false
https://blues.ru/data/albumview.aspx?cdid=660,https://blues.ru/review/review-the-unsung-blues-legend/,301,false
https://blues.ru/data/albumview.aspx?cdid=661,https://blues.ru/review/review-going-back-to-crawford/,301,false
https://blues.ru/data/albumview.aspx?cdid=662,https://blues.ru/review/review-you-gotta-move/,301,false
https://blues.ru/data/albumview.aspx?cdid=663,https://blues.ru/review/review-just-do-me-right/,301,false
https://blues.ru/data/albumview.aspx?cdid=664,https://blues.ru/review/review-sad-days-lonely-nights/,301,false
https://blues.ru/data/albumview.aspx?cdid=665,https://blues.ru/review/review-molten-ice/,301,false
https://blues.ru/data/albumview.aspx?cdid=666,https://blues.ru/review/review-rude-dudes/,301,false
https://blues.ru/data/albumview.aspx?cdid=667,https://blues.ru/review/review-meet-me-in-the-city/,301,false
https://blues.ru/data/albumview.aspx?cdid=669,https://blues.ru/review/review-step-in-time/,301,false
https://blues.ru/data/albumview.aspx?cdid=670,https://blues.ru/review/review-these-are-my-blues/,301,false
https://blues.ru/data/albumview.aspx?cdid=671,https://blues.ru/review/review-san-antonio-ballbuster/,301,false
https://blues.ru/data/albumview.aspx?cdid=672,https://blues.ru/review/review-the-real-folk-blues-2/,301,false
https://blues.ru/data/albumview.aspx?cdid=673,https://blues.ru/review/review-super-super-blues-band/,301,false
https://blues.ru/data/albumview.aspx?cdid=674,https://blues.ru/review/review-live-wire-blues-power/,301,false
https://blues.ru/data/albumview.aspx?cdid=675,https://blues.ru/review/review-sky-songs-vol-1-2/,301,false
https://blues.ru/data/albumview.aspx?cdid=676,https://blues.ru/review/review-don-t-let-your-deal-go-down/,301,false
https://blues.ru/data/albumview.aspx?cdid=677,https://blues.ru/review/review-hoot-your-belly/,301,false
https://blues.ru/data/albumview.aspx?cdid=678,https://blues.ru/review/review-ain-t-a-gonna-lie-to-you/,301,false
https://blues.ru/data/albumview.aspx?cdid=679,https://blues.ru/review/review-front-porch-blues/,301,false
https://blues.ru/data/albumview.aspx?cdid=680,https://blues.ru/review/review-medicine-show-man/,301,false
https://blues.ru/data/albumview.aspx?cdid=681,https://blues.ru/review/review-the-world-don-t-owe-me-nothing/,301,false
https://blues.ru/data/albumview.aspx?cdid=682,https://blues.ru/review/review-deep-in-the-well/,301,false
https://blues.ru/data/albumview.aspx?cdid=683,https://blues.ru/review/review-good-morning-little-schoolgirl/,301,false
https://blues.ru/data/albumview.aspx?cdid=684,https://blues.ru/review/review-shake-em-on-down-2/,301,false
https://blues.ru/data/albumview.aspx?cdid=685,https://blues.ru/review/review-blue-hula-stomp/,301,false
https://blues.ru/data/albumview.aspx?cdid=686,https://blues.ru/review/review-dressed-too-short-is-it-because-i-m-black/,301,false
https://blues.ru/data/albumview.aspx?cdid=687,https://blues.ru/review/review-in-your-arms-again/,301,false
https://blues.ru/data/albumview.aspx?cdid=688,https://blues.ru/review/review-kooper-session/,301,false
https://blues.ru/data/albumview.aspx?cdid=689,https://blues.ru/review/review-animalisms/,301,false
https://blues.ru/data/albumview.aspx?cdid=690,https://blues.ru/review/review-before-we-were-so-rudely-interrupted/,301,false
https://blues.ru/data/albumview.aspx?cdid=691,https://blues.ru/review/review-love-me-mama/,301,false
https://blues.ru/data/albumview.aspx?cdid=692,https://blues.ru/review/review-the-toronto-sessions/,301,false
https://blues.ru/data/albumview.aspx?cdid=693,https://blues.ru/review/review-bad-news-is-coming/,301,false
https://blues.ru/data/albumview.aspx?cdid=694,https://blues.ru/review/review-first-time-out/,301,false
https://blues.ru/data/albumview.aspx?cdid=695,https://blues.ru/review/review-high-roller/,301,false
https://blues.ru/data/albumview.aspx?cdid=696,https://blues.ru/review/review-james-montgomery-band/,301,false
https://blues.ru/data/albumview.aspx?cdid=697,https://blues.ru/review/review-duck-fever/,301,false
https://blues.ru/data/albumview.aspx?cdid=698,https://blues.ru/review/review-luther-s-blues/,301,false
https://blues.ru/data/albumview.aspx?cdid=699,https://blues.ru/review/review-live-from-chicago-bigger-than-life/,301,false
https://blues.ru/data/albumview.aspx?cdid=700,https://blues.ru/review/review-night-life/,301,false
https://blues.ru/data/albumview.aspx?cdid=701,https://blues.ru/review/review-love-me-papa/,301,false
https://blues.ru/data/albumview.aspx?cdid=702,https://blues.ru/review/review-south-side-safari/,301,false
https://blues.ru/data/albumview.aspx?cdid=703,https://blues.ru/review/review-live-at-the-atlanta-international-pop-festival-july-3/,301,false
https://blues.ru/data/albumview.aspx?cdid=704,https://blues.ru/review/review-the-j-geils-band/,301,false
https://blues.ru/data/albumview.aspx?cdid=705,https://blues.ru/review/review-one-way-out/,301,false
https://blues.ru/data/albumview.aspx?cdid=706,https://blues.ru/review/review-lucille/,301,false
https://blues.ru/data/albumview.aspx?cdid=707,https://blues.ru/review/review-two-bugs-a-roach/,301,false
https://blues.ru/data/albumview.aspx?cdid=708,https://blues.ru/review/review-play-your-guitar-mr-hooker/,301,false
https://blues.ru/data/albumview.aspx?cdid=709,https://blues.ru/review/review-freddie-king-is-a-blues-master/,301,false
https://blues.ru/data/albumview.aspx?cdid=710,https://blues.ru/review/review-pleading-the-blues/,301,false
https://blues.ru/data/albumview.aspx?cdid=711,https://blues.ru/review/review-pure-religion-bad-company/,301,false
https://blues.ru/data/albumview.aspx?cdid=712,https://blues.ru/review/review-live-at-cambridge-1971/,301,false
https://blues.ru/data/albumview.aspx?cdid=713,https://blues.ru/review/review-rev-gary-davis-at-newport/,301,false
https://blues.ru/data/albumview.aspx?cdid=714,https://blues.ru/review/review-gospel-blues-and-street-songs/,301,false
https://blues.ru/data/albumview.aspx?cdid=715,https://blues.ru/review/review-demons-and-angels-the-ultimate-collection/,301,false
https://blues.ru/data/albumview.aspx?cdid=716,https://blues.ru/review/review-an-evening-with-the-allman-brothers-band-first-set/,301,false
https://blues.ru/data/albumview.aspx?cdid=717,https://blues.ru/review/review-an-evening-with-the-allman-brothers-band-2nd-set/,301,false
https://blues.ru/data/albumview.aspx?cdid=718,https://blues.ru/review/review-6-and-12-string-guitar/,301,false
https://blues.ru/data/albumview.aspx?cdid=719,https://blues.ru/review/review-greenhouse/,301,false
https://blues.ru/data/albumview.aspx?cdid=720,https://blues.ru/review/review-midnight-special/,301,false
https://blues.ru/data/albumview.aspx?cdid=721,https://blues.ru/review/review-the-duo/,301,false
https://blues.ru/data/albumview.aspx?cdid=722,https://blues.ru/review/review-going-it-alone/,301,false
https://blues.ru/data/albumview.aspx?cdid=723,https://blues.ru/review/review-mkutano/,301,false
https://blues.ru/data/albumview.aspx?cdid=724,https://blues.ru/review/review-last-session/,301,false
https://blues.ru/data/albumview.aspx?cdid=725,https://blues.ru/review/review-crescent-crawl/,301,false
https://blues.ru/data/albumview.aspx?cdid=726,https://blues.ru/review/review-poet-of-the-blues/,301,false
https://blues.ru/data/albumview.aspx?cdid=727,https://blues.ru/review/review-blues-mongrel/,301,false
https://blues.ru/data/albumview.aspx?cdid=728,https://blues.ru/review/review-the-duke-meets-the-earl/,301,false
https://blues.ru/data/albumview.aspx?cdid=729,https://blues.ru/review/review-struttin-my-stuff/,301,false
https://blues.ru/data/albumview.aspx?cdid=730,https://blues.ru/review/review-hog-heaven/,301,false
https://blues.ru/data/albumview.aspx?cdid=731,https://blues.ru/review/review-daily-bread/,301,false
https://blues.ru/data/albumview.aspx?cdid=732,https://blues.ru/review/review-pea-vine-whistle/,301,false
https://blues.ru/data/albumview.aspx?cdid=733,https://blues.ru/review/review-hard-luck-john/,301,false
https://blues.ru/data/albumview.aspx?cdid=734,https://blues.ru/review/review-zlatno-zrno-blues/,301,false
https://blues.ru/data/albumview.aspx?cdid=735,https://blues.ru/review/review-let-it-flow/,301,false
https://blues.ru/data/albumview.aspx?cdid=736,https://blues.ru/review/review-on-a-night-like-this/,301,false
https://blues.ru/data/albumview.aspx?cdid=737,https://blues.ru/review/review-sonny-brownie-and-chris/,301,false
https://blues.ru/data/albumview.aspx?cdid=738,https://blues.ru/review/review-the-original/,301,false
https://blues.ru/data/albumview.aspx?cdid=739,https://blues.ru/review/review-whoopin/,301,false
https://blues.ru/data/albumview.aspx?cdid=740,https://blues.ru/review/review-john-renbourn/,301,false
https://blues.ru/data/albumview.aspx?cdid=741,https://blues.ru/review/review-butt-naked-free/,301,false
https://blues.ru/data/albumview.aspx?cdid=742,https://blues.ru/review/review-faro-annie/,301,false
https://blues.ru/data/albumview.aspx?cdid=743,https://blues.ru/review/review-blues-thang/,301,false
https://blues.ru/data/albumview.aspx?cdid=744,https://blues.ru/review/review-the-legacy-of-the-blues-vol-10/,301,false
https://blues.ru/data/albumview.aspx?cdid=745,https://blues.ru/review/review-down-and-out-blues/,301,false
https://blues.ru/data/albumview.aspx?cdid=746,https://blues.ru/review/review-in-memorium/,301,false
https://blues.ru/data/albumview.aspx?cdid=747,https://blues.ru/review/review-i-couldn-t-believe-my-eyes/,301,false
https://blues.ru/data/albumview.aspx?cdid=748,https://blues.ru/review/review-feel-it/,301,false
https://blues.ru/data/albumview.aspx?cdid=749,https://blues.ru/review/review-age-is-nothing-but-a-number/,301,false
https://blues.ru/data/albumview.aspx?cdid=750,https://blues.ru/review/review-muddy-the-wolf/,301,false
https://blues.ru/data/albumview.aspx?cdid=751,https://blues.ru/review/review-electric-mud/,301,false
https://blues.ru/data/albumview.aspx?cdid=752,https://blues.ru/review/review-going-back-to-tennessee/,301,false
https://blues.ru/data/albumview.aspx?cdid=753,https://blues.ru/review/review-goin-down-slow/,301,false
https://blues.ru/data/albumview.aspx?cdid=754,https://blues.ru/review/review-the-best-of-brownie-mcghee/,301,false
https://blues.ru/data/albumview.aspx?cdid=755,https://blues.ru/review/review-crossing-muddy-waters/,301,false
https://blues.ru/data/albumview.aspx?cdid=756,https://blues.ru/review/review-time-will-tell-3/,301,false
https://blues.ru/data/albumview.aspx?cdid=757,https://blues.ru/review/review-freedom-flight/,301,false
https://blues.ru/data/albumview.aspx?cdid=758,https://blues.ru/review/review-fillmore-east-the-lost-concert-tapes-12-13-68/,301,false
https://blues.ru/data/albumview.aspx?cdid=759,https://blues.ru/review/review-think-of-me/,301,false
https://blues.ru/data/albumview.aspx?cdid=760,https://blues.ru/review/review-railroad-bill/,301,false
https://blues.ru/data/albumview.aspx?cdid=761,https://blues.ru/review/review-atom-bomb/,301,false
https://blues.ru/data/albumview.aspx?cdid=762,https://blues.ru/review/review-live-at-the-apollo/,301,false
https://blues.ru/data/albumview.aspx?cdid=763,https://blues.ru/review/review-live-at-the-apollo-4/,301,false
https://blues.ru/data/albumview.aspx?cdid=765,https://blues.ru/review/review-live-in-usa/,301,false
https://blues.ru/data/albumview.aspx?cdid=766,https://blues.ru/review/review-buried-alive-in-the-blues-bonus-dvd/,301,false
https://blues.ru/data/albumview.aspx?cdid=767,https://blues.ru/review/review-make-do-with-what-you-got/,301,false
https://blues.ru/data/albumview.aspx?cdid=768,https://blues.ru/review/review-everything-gonna-be-alright/,301,false
https://blues.ru/data/albumview.aspx?cdid=769,https://blues.ru/review/review-chronicle/,301,false
https://blues.ru/data/albumview.aspx?cdid=770,https://blues.ru/review/review-blues-from-the-road-2-cds/,301,false
https://blues.ru/data/albumview.aspx?cdid=771,https://blues.ru/review/review-in-session/,301,false
https://blues.ru/data/albumview.aspx?cdid=772,https://blues.ru/review/review-the-ultimate-collection-2-cds/,301,false
https://blues.ru/data/albumview.aspx?cdid=773,https://blues.ru/review/review-blues-at-sunset/,301,false
https://blues.ru/data/albumview.aspx?cdid=774,https://blues.ru/review/review-blues-at-sunrise-compilation/,301,false
https://blues.ru/data/albumview.aspx?cdid=775,https://blues.ru/review/review-the-legacy-of-the-blues-vol-11/,301,false
https://blues.ru/data/albumview.aspx?cdid=776,https://blues.ru/review/review-ma-bea-s-rock/,301,false
https://blues.ru/data/albumview.aspx?cdid=777,https://blues.ru/review/review-the-legacy-of-the-blues-vol-9/,301,false
https://blues.ru/data/albumview.aspx?cdid=778,https://blues.ru/review/review-if-you-miss-im-i-got-im/,301,false
https://blues.ru/data/albumview.aspx?cdid=779,https://blues.ru/review/review-i-think-i-got-the-blues/,301,false
https://blues.ru/data/albumview.aspx?cdid=780,https://blues.ru/review/review-what-happened-to-my-blues/,301,false
https://blues.ru/data/albumview.aspx?cdid=781,https://blues.ru/review/review-busy-bootin-live-at-the-international-guitar-festival/,301,false
https://blues.ru/data/albumview.aspx?cdid=782,https://blues.ru/review/review-midnight-hour-blues/,301,false
https://blues.ru/data/albumview.aspx?cdid=784,https://blues.ru/review/review-down-in-carolina/,301,false
https://blues.ru/data/albumview.aspx?cdid=785,https://blues.ru/review/review-greens-from-the-garden/,301,false
https://blues.ru/data/albumview.aspx?cdid=786,https://blues.ru/review/review-legacy/,301,false
https://blues.ru/data/albumview.aspx?cdid=787,https://blues.ru/review/review-the-back-door-wolf/,301,false
https://blues.ru/data/albumview.aspx?cdid=788,https://blues.ru/review/review-the-real-folk-blues-more-real-folk-blues/,301,false
https://blues.ru/data/albumview.aspx?cdid=789,https://blues.ru/review/review-animalism/,301,false
https://blues.ru/data/albumview.aspx?cdid=790,https://blues.ru/review/review-hawk-squat/,301,false
https://blues.ru/data/albumview.aspx?cdid=791,https://blues.ru/review/review-cold-shot/,301,false
https://blues.ru/data/albumview.aspx?cdid=792,https://blues.ru/review/review-the-complete-stax-singles/,301,false
https://blues.ru/data/albumview.aspx?cdid=793,https://blues.ru/review/review-blues-berries/,301,false
https://blues.ru/data/albumview.aspx?cdid=794,https://blues.ru/review/review-funeral-for-a-friend/,301,false
https://blues.ru/data/albumview.aspx?cdid=795,https://blues.ru/review/review-another-monday/,301,false
https://blues.ru/data/albumview.aspx?cdid=796,https://blues.ru/review/review-i-m-a-soldier-in-the-army-of-the-lord/,301,false
https://blues.ru/data/albumview.aspx?cdid=797,https://blues.ru/review/review-blue-guitar-the-chief-and-age-sessions-1959-1963/,301,false
https://blues.ru/data/albumview.aspx?cdid=798,https://blues.ru/review/review-homeland/,301,false
https://blues.ru/data/albumview.aspx?cdid=799,https://blues.ru/review/review-downhome-sophisticate/,301,false
https://blues.ru/data/albumview.aspx?cdid=800,https://blues.ru/review/review-vu-du-menz/,301,false
https://blues.ru/data/albumview.aspx?cdid=801,https://blues.ru/review/review-between-midnight-and-day/,301,false
https://blues.ru/data/albumview.aspx?cdid=802,https://blues.ru/review/review-white-african/,301,false
https://blues.ru/data/albumview.aspx?cdid=803,https://blues.ru/review/review-respect-the-dead/,301,false
https://blues.ru/data/albumview.aspx?cdid=804,https://blues.ru/review/review-sweet-bitter-blues/,301,false
https://blues.ru/data/albumview.aspx?cdid=805,https://blues.ru/review/review-clifton-sings-the-blues/,301,false
https://blues.ru/data/albumview.aspx?cdid=806,https://blues.ru/review/review-3-years-2-late/,301,false
https://blues.ru/data/albumview.aspx?cdid=807,https://blues.ru/review/review-hard-river-to-cross/,301,false
https://blues.ru/data/albumview.aspx?cdid=808,https://blues.ru/review/review-it-s-the-blues-man/,301,false
https://blues.ru/data/albumview.aspx?cdid=809,https://blues.ru/review/review-mouth-harp-blues/,301,false
https://blues.ru/data/albumview.aspx?cdid=810,https://blues.ru/review/review-get-on-up/,301,false
https://blues.ru/data/albumview.aspx?cdid=811,https://blues.ru/review/review-self-portrait-in-blues/,301,false
https://blues.ru/data/albumview.aspx?cdid=812,https://blues.ru/review/review-blues-with-a-feeling/,301,false
https://blues.ru/data/albumview.aspx?cdid=815,https://blues.ru/review/review-lightnin-strikes-twice/,301,false
https://blues.ru/data/albumview.aspx?cdid=816,https://blues.ru/review/review-walk-right-in/,301,false
https://blues.ru/data/albumview.aspx?cdid=817,https://blues.ru/review/review-little-feat/,301,false
https://blues.ru/data/albumview.aspx?cdid=818,https://blues.ru/review/review-sailin-shoes/,301,false
https://blues.ru/data/albumview.aspx?cdid=819,https://blues.ru/review/review-dixie-chicken/,301,false
https://blues.ru/data/albumview.aspx?cdid=820,https://blues.ru/review/review-feats-don-t-fail-me-now/,301,false
https://blues.ru/data/albumview.aspx?cdid=821,https://blues.ru/review/review-the-last-record-album/,301,false
https://blues.ru/data/albumview.aspx?cdid=822,https://blues.ru/review/review-time-loves-a-hero/,301,false
https://blues.ru/data/albumview.aspx?cdid=823,https://blues.ru/review/review-waiting-for-columbus/,301,false
https://blues.ru/data/albumview.aspx?cdid=824,https://blues.ru/review/review-down-on-the-farm/,301,false
https://blues.ru/data/albumview.aspx?cdid=825,https://blues.ru/review/review-hoy-hoy/,301,false
https://blues.ru/data/albumview.aspx?cdid=826,https://blues.ru/review/review-strike-on-computers/,301,false
https://blues.ru/data/albumview.aspx?cdid=827,https://blues.ru/review/review-live-in-panama-city-october-1990/,301,false
https://blues.ru/data/albumview.aspx?cdid=828,https://blues.ru/review/review-back-home/,301,false
https://blues.ru/data/albumview.aspx?cdid=829,https://blues.ru/review/review-rock-my-soul/,301,false
https://blues.ru/data/albumview.aspx?cdid=830,https://blues.ru/review/review-juke-joint-jump/,301,false
https://blues.ru/data/albumview.aspx?cdid=831,https://blues.ru/review/review-hometown-boy-makes-good/,301,false
https://blues.ru/data/albumview.aspx?cdid=832,https://blues.ru/review/review-live-raisin-hell/,301,false
https://blues.ru/data/albumview.aspx?cdid=833,https://blues.ru/review/review-truth-is-not-fiction/,301,false
https://blues.ru/data/albumview.aspx?cdid=834,https://blues.ru/review/review-80/,301,false
https://blues.ru/data/albumview.aspx?cdid=835,https://blues.ru/review/review-honky-tonkin-i-done-me-some/,301,false
https://blues.ru/data/albumview.aspx?cdid=836,https://blues.ru/review/review-standing-room-only/,301,false
https://blues.ru/data/albumview.aspx?cdid=837,https://blues.ru/review/review-quah/,301,false
https://blues.ru/data/albumview.aspx?cdid=838,https://blues.ru/review/review-baby-batter/,301,false
https://blues.ru/data/albumview.aspx?cdid=839,https://blues.ru/review/review-every-day-s-my-lucky-day/,301,false
https://blues.ru/data/albumview.aspx?cdid=840,https://blues.ru/review/review-feel-the-sound-of-harvey-mandel/,301,false
https://blues.ru/data/albumview.aspx?cdid=841,https://blues.ru/review/review-think-about-it/,301,false
https://blues.ru/data/albumview.aspx?cdid=842,https://blues.ru/review/review-texas-flood/,301,false
https://blues.ru/data/albumview.aspx?cdid=843,https://blues.ru/review/review-damn-right-i-ve-got-the-blues/,301,false
https://blues.ru/data/albumview.aspx?cdid=844,https://blues.ru/review/review-alone-acoustic/,301,false
https://blues.ru/data/albumview.aspx?cdid=845,https://blues.ru/review/review-feels-like-rain/,301,false
https://blues.ru/data/albumview.aspx?cdid=846,https://blues.ru/review/review-slippin-in/,301,false
https://blues.ru/data/albumview.aspx?cdid=847,https://blues.ru/review/review-live-real-deal/,301,false
https://blues.ru/data/albumview.aspx?cdid=848,https://blues.ru/review/review-soul-to-soul/,301,false
https://blues.ru/data/albumview.aspx?cdid=849,https://blues.ru/review/review-left-turn-on-blue/,301,false
https://blues.ru/data/albumview.aspx?cdid=850,https://blues.ru/review/review-live-1986-up-and-down-the-highway/,301,false
https://blues.ru/data/albumview.aspx?cdid=852,https://blues.ru/review/review-live-as-it-gets/,301,false
https://blues.ru/data/albumview.aspx?cdid=853,https://blues.ru/review/review-oh-love/,301,false
https://blues.ru/data/albumview.aspx?cdid=854,https://blues.ru/review/review-them-update-blues/,301,false
https://blues.ru/data/albumview.aspx?cdid=855,https://blues.ru/review/review-smoke-n-fire/,301,false
https://blues.ru/data/albumview.aspx?cdid=856,https://blues.ru/review/review-disciple-of-the-blues/,301,false
https://blues.ru/data/albumview.aspx?cdid=857,https://blues.ru/review/review-out-of-control/,301,false
https://blues.ru/data/albumview.aspx?cdid=859,https://blues.ru/review/review-the-essential/,301,false
https://blues.ru/data/albumview.aspx?cdid=860,https://blues.ru/review/review-hidden-charms/,301,false
https://blues.ru/data/albumview.aspx?cdid=861,https://blues.ru/review/review-tennessee-woman/,301,false
https://blues.ru/data/albumview.aspx?cdid=862,https://blues.ru/review/review-in-my-time/,301,false
https://blues.ru/data/albumview.aspx?cdid=863,https://blues.ru/review/review-rough-news/,301,false
https://blues.ru/data/albumview.aspx?cdid=864,https://blues.ru/review/review-unk-in-funk/,301,false
https://blues.ru/data/albumview.aspx?cdid=865,https://blues.ru/review/review-lady-sings-the-blues/,301,false
https://blues.ru/data/albumview.aspx?cdid=866,https://blues.ru/review/review-let-me-in/,301,false
https://blues.ru/data/albumview.aspx?cdid=867,https://blues.ru/review/review-living-with-the-blues/,301,false
https://blues.ru/data/albumview.aspx?cdid=868,https://blues.ru/review/review-temptation/,301,false
https://blues.ru/data/albumview.aspx?cdid=869,https://blues.ru/review/review-fire-in-the-feeling/,301,false
https://blues.ru/data/albumview.aspx?cdid=870,https://blues.ru/review/review-mr-stranger-man/,301,false
https://blues.ru/data/albumview.aspx?cdid=871,https://blues.ru/review/review-walking-the-dog/,301,false
https://blues.ru/data/albumview.aspx?cdid=872,https://blues.ru/review/review-playing-for-keeps/,301,false
https://blues.ru/data/albumview.aspx?cdid=873,https://blues.ru/review/review-red-hot-true-blue/,301,false
https://blues.ru/data/albumview.aspx?cdid=876,https://blues.ru/review/review-bring-em-in/,301,false
https://blues.ru/data/albumview.aspx?cdid=877,https://blues.ru/review/review-revolutionary-blues-band/,301,false
https://blues.ru/data/albumview.aspx?cdid=878,https://blues.ru/review/review-crash-landing/,301,false
https://blues.ru/data/albumview.aspx?cdid=879,https://blues.ru/review/review-rare-hendrix/,301,false
https://blues.ru/data/albumview.aspx?cdid=880,https://blues.ru/review/review-country-blues-complete-early-recordings-1927-1929/,301,false
https://blues.ru/data/albumview.aspx?cdid=881,https://blues.ru/review/review-i-really-don-t-mind-livin-my-kinda-place/,301,false
https://blues.ru/data/albumview.aspx?cdid=882,https://blues.ru/review/review-the-best-of-2/,301,false
https://blues.ru/data/albumview.aspx?cdid=883,https://blues.ru/review/review-let-s-roll-3/,301,false
https://blues.ru/data/albumview.aspx?cdid=884,https://blues.ru/review/review-fun-in-acadiana/,301,false
https://blues.ru/data/albumview.aspx?cdid=885,https://blues.ru/review/review-to-satisfy-you/,301,false
https://blues.ru/data/albumview.aspx?cdid=886,https://blues.ru/review/review-i-m-so-satisfied-the-complete-mercury-blue-rock-recor/,301,false
https://blues.ru/data/albumview.aspx?cdid=887,https://blues.ru/review/review-natural-born-heathen/,301,false
https://blues.ru/data/albumview.aspx?cdid=888,https://blues.ru/review/review-under-the-wire/,301,false
https://blues.ru/data/albumview.aspx?cdid=889,https://blues.ru/review/review-good-lovin-blues/,301,false
https://blues.ru/data/albumview.aspx?cdid=890,https://blues.ru/review/review-the-new-johnny-otis-show/,301,false
https://blues.ru/data/albumview.aspx?cdid=891,https://blues.ru/review/review-memories-2/,301,false
https://blues.ru/data/albumview.aspx?cdid=892,https://blues.ru/review/review-uncut/,301,false
https://blues.ru/data/albumview.aspx?cdid=893,https://blues.ru/review/review-these-blues-is-meant-to-be-barrelhoused/,301,false
https://blues.ru/data/albumview.aspx?cdid=894,https://blues.ru/review/review-soap-opera-s/,301,false
https://blues.ru/data/albumview.aspx?cdid=895,https://blues.ru/review/review-eyewitness-blues/,301,false
https://blues.ru/data/albumview.aspx?cdid=896,https://blues.ru/review/review-corky-siegel/,301,false
https://blues.ru/data/albumview.aspx?cdid=897,https://blues.ru/review/review-siegel-schwall-band-2/,301,false
https://blues.ru/data/albumview.aspx?cdid=898,https://blues.ru/review/review-953-west/,301,false
https://blues.ru/data/albumview.aspx?cdid=899,https://blues.ru/review/review-bluebird-blues/,301,false
https://blues.ru/data/albumview.aspx?cdid=900,https://blues.ru/review/review-blues-roots/,301,false
https://blues.ru/data/albumview.aspx?cdid=901,https://blues.ru/review/review-war-heroes/,301,false
https://blues.ru/data/albumview.aspx?cdid=902,https://blues.ru/review/review-out-of-nowhere/,301,false
https://blues.ru/data/albumview.aspx?cdid=903,https://blues.ru/review/review-there-s-a-fungus-amung-us/,301,false
https://blues.ru/data/albumview.aspx?cdid=904,https://blues.ru/review/review-black-blue/,301,false
https://blues.ru/data/albumview.aspx?cdid=905,https://blues.ru/review/review-spirit-and-the-blues/,301,false
https://blues.ru/data/albumview.aspx?cdid=906,https://blues.ru/review/review-live-at-the-fillmore/,301,false
https://blues.ru/data/albumview.aspx?cdid=907,https://blues.ru/review/review-the-story-so-far/,301,false
https://blues.ru/data/albumview.aspx?cdid=908,https://blues.ru/review/review-calling-card/,301,false
https://blues.ru/data/albumview.aspx?cdid=909,https://blues.ru/review/review-double-v/,301,false
https://blues.ru/data/albumview.aspx?cdid=910,https://blues.ru/review/review-below-the-fold/,301,false
https://blues.ru/data/albumview.aspx?cdid=911,https://blues.ru/review/review-plain-from-the-heart/,301,false
https://blues.ru/data/albumview.aspx?cdid=912,https://blues.ru/review/review-southbound/,301,false
https://blues.ru/data/albumview.aspx?cdid=913,https://blues.ru/review/review-doc-and-the-boys/,301,false
https://blues.ru/data/albumview.aspx?cdid=914,https://blues.ru/review/review-great-big-boy/,301,false
https://blues.ru/data/albumview.aspx?cdid=915,https://blues.ru/review/review-grant-street/,301,false
https://blues.ru/data/albumview.aspx?cdid=916,https://blues.ru/review/review-gamblin-woman-blues/,301,false
https://blues.ru/data/albumview.aspx?cdid=917,https://blues.ru/review/review-love-murder-mosquitos/,301,false
https://blues.ru/data/albumview.aspx?cdid=918,https://blues.ru/review/review-the-early-years/,301,false
https://blues.ru/data/albumview.aspx?cdid=919,https://blues.ru/review/review-don-t-lose-your-cool/,301,false
https://blues.ru/data/albumview.aspx?cdid=920,https://blues.ru/review/review-big-fun/,301,false
https://blues.ru/data/albumview.aspx?cdid=921,https://blues.ru/review/review-sideman-serenade/,301,false
https://blues.ru/data/albumview.aspx?cdid=922,https://blues.ru/review/review-u-b-da-judge/,301,false
https://blues.ru/data/albumview.aspx?cdid=923,https://blues.ru/review/review-if-walls-could-talk/,301,false
https://blues.ru/data/albumview.aspx?cdid=924,https://blues.ru/review/review-the-blues-ain-t-bad/,301,false
https://blues.ru/data/albumview.aspx?cdid=925,https://blues.ru/review/review-wish-me-luck/,301,false
https://blues.ru/data/albumview.aspx?cdid=926,https://blues.ru/review/review-have-a-little-faith/,301,false
https://blues.ru/data/albumview.aspx?cdid=927,https://blues.ru/review/review-gimme-a-break/,301,false
https://blues.ru/data/albumview.aspx?cdid=928,https://blues.ru/review/review-my-bluescountry/,301,false
https://blues.ru/data/albumview.aspx?cdid=929,https://blues.ru/review/review-preacher-the-president/,301,false
https://blues.ru/data/albumview.aspx?cdid=930,https://blues.ru/review/review-ugly-man/,301,false
https://blues.ru/data/albumview.aspx?cdid=931,https://blues.ru/review/review-a-ship-called-love/,301,false
https://blues.ru/data/albumview.aspx?cdid=932,https://blues.ru/review/review-home-to-me/,301,false
https://blues.ru/data/albumview.aspx?cdid=933,https://blues.ru/review/review-dangerous/,301,false
https://blues.ru/data/albumview.aspx?cdid=934,https://blues.ru/review/review-out-of-the-dark/,301,false
https://blues.ru/data/albumview.aspx?cdid=935,https://blues.ru/review/review-early-allman/,301,false
https://blues.ru/data/albumview.aspx?cdid=936,https://blues.ru/review/review-soul-of-a-man-6/,301,false
https://blues.ru/data/albumview.aspx?cdid=937,https://blues.ru/review/review-jlw/,301,false
https://blues.ru/data/albumview.aspx?cdid=938,https://blues.ru/review/review-take-it-from-the-turnaround/,301,false
https://blues.ru/data/albumview.aspx?cdid=939,https://blues.ru/review/review-blues-on-a-holiday/,301,false
https://blues.ru/data/albumview.aspx?cdid=940,https://blues.ru/review/review-super-black-blues/,301,false
https://blues.ru/data/albumview.aspx?cdid=941,https://blues.ru/review/review-my-babe/,301,false
https://blues.ru/data/albumview.aspx?cdid=943,https://blues.ru/review/review-in-the-skies-2/,301,false
https://blues.ru/data/albumview.aspx?cdid=944,https://blues.ru/review/review-the-jealous-kind/,301,false
https://blues.ru/data/albumview.aspx?cdid=945,https://blues.ru/review/review-funky-town/,301,false
https://blues.ru/data/albumview.aspx?cdid=946,https://blues.ru/review/review-love-me-tender/,301,false
https://blues.ru/data/albumview.aspx?cdid=947,https://blues.ru/review/review-no-more-interviews/,301,false
https://blues.ru/data/albumview.aspx?cdid=948,https://blues.ru/review/review-little-boy-blue/,301,false
https://blues.ru/data/albumview.aspx?cdid=949,https://blues.ru/review/review-alamo-bay-ost/,301,false
https://blues.ru/data/albumview.aspx?cdid=950,https://blues.ru/review/review-zinfidelity-vol-1/,301,false
https://blues.ru/data/albumview.aspx?cdid=951,https://blues.ru/review/review-blues-by-roosevelt-the-honey-dripper-sykes/,301,false
https://blues.ru/data/albumview.aspx?cdid=952,https://blues.ru/review/review-got-my-mojo-workin-hoochie-cooche-man/,301,false
https://blues.ru/data/albumview.aspx?cdid=953,https://blues.ru/review/review-odetta-and-the-blues/,301,false
https://blues.ru/data/albumview.aspx?cdid=954,https://blues.ru/review/review-baton-rouge-mosby-street/,301,false
https://blues.ru/data/albumview.aspx?cdid=955,https://blues.ru/review/review-wise-and-otherwise/,301,false
https://blues.ru/data/albumview.aspx?cdid=957,https://blues.ru/review/review-south-of-i-10/,301,false
https://blues.ru/data/albumview.aspx?cdid=958,https://blues.ru/review/review-the-stuff-that-dreams-are-made-of/,301,false
https://blues.ru/data/albumview.aspx?cdid=959,https://blues.ru/review/review-the-best-of-3/,301,false
https://blues.ru/data/albumview.aspx?cdid=960,https://blues.ru/review/review-blackjack/,301,false
https://blues.ru/data/albumview.aspx?cdid=961,https://blues.ru/review/review-it-s-not-killing-me/,301,false
https://blues.ru/data/albumview.aspx?cdid=962,https://blues.ru/review/review-thru-the-years/,301,false
https://blues.ru/data/albumview.aspx?cdid=963,https://blues.ru/review/review-skunkmello/,301,false
https://blues.ru/data/albumview.aspx?cdid=964,https://blues.ru/review/review-journey-on/,301,false
https://blues.ru/data/albumview.aspx?cdid=966,https://blues.ru/review/review-carolina-blues/,301,false
https://blues.ru/data/albumview.aspx?cdid=967,https://blues.ru/review/review-dance-all-night/,301,false
https://blues.ru/data/albumview.aspx?cdid=968,https://blues.ru/review/review-healing-feeling/,301,false
https://blues.ru/data/albumview.aspx?cdid=969,https://blues.ru/review/review-down-yonder/,301,false
https://blues.ru/data/albumview.aspx?cdid=970,https://blues.ru/review/review-live-at-the-house-of-blues/,301,false
https://blues.ru/data/albumview.aspx?cdid=971,https://blues.ru/review/review-our-new-orleans-a-benefit-album/,301,false
https://blues.ru/data/albumview.aspx?cdid=972,https://blues.ru/review/review-sting-it-then/,301,false
https://blues.ru/data/albumview.aspx?cdid=973,https://blues.ru/review/review-folk-blues-beyond/,301,false
https://blues.ru/data/albumview.aspx?cdid=974,https://blues.ru/review/review-thirsty-ears/,301,false
https://blues.ru/data/albumview.aspx?cdid=975,https://blues.ru/review/review-party-line/,301,false
https://blues.ru/data/albumview.aspx?cdid=976,https://blues.ru/review/review-delta-hardware/,301,false
https://blues.ru/data/albumview.aspx?cdid=977,https://blues.ru/review/review-mercernary/,301,false
https://blues.ru/data/albumview.aspx?cdid=978,https://blues.ru/review/review-call-me/,301,false
https://blues.ru/data/albumview.aspx?cdid=979,https://blues.ru/review/review-believe/,301,false
https://blues.ru/data/albumview.aspx?cdid=980,https://blues.ru/review/review-crazy-moon/,301,false
https://blues.ru/data/albumview.aspx?cdid=981,https://blues.ru/review/review-the-country-blues-of-john-lee-hooker/,301,false
https://blues.ru/data/albumview.aspx?cdid=982,https://blues.ru/review/review-that-s-my-story/,301,false
https://blues.ru/data/albumview.aspx?cdid=983,https://blues.ru/review/review-i-m-in-the-wrong-business/,301,false
https://blues.ru/data/albumview.aspx?cdid=984,https://blues.ru/review/review-generic-blues/,301,false
https://blues.ru/data/albumview.aspx?cdid=985,https://blues.ru/review/review-stavin-chain-blues/,301,false
https://blues.ru/data/albumview.aspx?cdid=986,https://blues.ru/review/review-fine-cuts/,301,false
https://blues.ru/data/albumview.aspx?cdid=987,https://blues.ru/review/review-lightnin/,301,false
https://blues.ru/data/albumview.aspx?cdid=990,https://blues.ru/review/review-speaking-in-tongues/,301,false
https://blues.ru/data/albumview.aspx?cdid=991,https://blues.ru/review/review-simple-truths/,301,false
https://blues.ru/data/albumview.aspx?cdid=992,https://blues.ru/review/review-rattleshake/,301,false
https://blues.ru/data/albumview.aspx?cdid=993,https://blues.ru/review/review-shoulder-to-shoulder/,301,false
https://blues.ru/data/albumview.aspx?cdid=994,https://blues.ru/review/review-goodbye-blues/,301,false
https://blues.ru/data/albumview.aspx?cdid=995,https://blues.ru/review/review-blues-n-bones/,301,false
https://blues.ru/data/albumview.aspx?cdid=996,https://blues.ru/review/review-troubles-troubles/,301,false
https://blues.ru/data/albumview.aspx?cdid=997,https://blues.ru/review/review-down-south-in-the-bayou-country/,301,false
https://blues.ru/data/albumview.aspx?cdid=998,https://blues.ru/review/review-back-to-bentonia/,301,false
https://blues.ru/data/albumview.aspx?cdid=999,https://blues.ru/review/review-deep-in-the-blues/,301,false
https://blues.ru/data/albumview.aspx?cdid=1000,https://blues.ru/review/review-cold-as-ice/,301,false
https://blues.ru/data/albumview.aspx?cdid=1001,https://blues.ru/review/review-the-morning-after/,301,false
https://blues.ru/data/albumview.aspx?cdid=1003,https://blues.ru/review/review-back-to-new-orleans/,301,false
https://blues.ru/data/albumview.aspx?cdid=1004,https://blues.ru/review/review-blues-2/,301,false
https://blues.ru/data/albumview.aspx?cdid=1005,https://blues.ru/review/review-bogalusa-boogie-man/,301,false
https://blues.ru/data/albumview.aspx?cdid=1006,https://blues.ru/review/review-lotto-land/,301,false
https://blues.ru/data/albumview.aspx?cdid=1007,https://blues.ru/review/review-live-at-theresa-s-1975/,301,false
https://blues.ru/data/albumview.aspx?cdid=1008,https://blues.ru/review/review-time-step/,301,false
https://blues.ru/data/albumview.aspx?cdid=1009,https://blues.ru/review/review-sacred-steel-the-steel-guitar-tradition-of-the-house/,301,false
https://blues.ru/data/albumview.aspx?cdid=1010,https://blues.ru/review/review-john-mayall-plays-john-mayall/,301,false
https://blues.ru/data/albumview.aspx?cdid=1011,https://blues.ru/review/review-darkest-hour/,301,false
https://blues.ru/data/albumview.aspx?cdid=1012,https://blues.ru/review/review-moan-for-a-bone/,301,false
https://blues.ru/data/albumview.aspx?cdid=1013,https://blues.ru/review/review-down-at-the-depot/,301,false
https://blues.ru/data/albumview.aspx?cdid=1014,https://blues.ru/review/review-can-t-keep-lovin-you/,301,false
https://blues.ru/data/albumview.aspx?cdid=1015,https://blues.ru/review/review-in-your-eyes/,301,false
https://blues.ru/data/albumview.aspx?cdid=1016,https://blues.ru/review/review-blue-blazes/,301,false
https://blues.ru/data/albumview.aspx?cdid=1018,https://blues.ru/review/review-live-well/,301,false
https://blues.ru/data/albumview.aspx?cdid=1019,https://blues.ru/review/review-i-m-ready/,301,false
https://blues.ru/data/albumview.aspx?cdid=1020,https://blues.ru/review/review-beyond-cool/,301,false
https://blues.ru/data/albumview.aspx?cdid=1021,https://blues.ru/review/review-midnight-son/,301,false
https://blues.ru/data/albumview.aspx?cdid=1022,https://blues.ru/review/review-strange-pleasure/,301,false
https://blues.ru/data/albumview.aspx?cdid=1023,https://blues.ru/review/review-my-name-is-buddy/,301,false
https://blues.ru/data/albumview.aspx?cdid=1024,https://blues.ru/review/review-up-all-night/,301,false
https://blues.ru/data/albumview.aspx?cdid=1025,https://blues.ru/review/review-blues-harp-meltdown/,301,false
https://blues.ru/data/albumview.aspx?cdid=1026,https://blues.ru/review/review-blues-harp-meltdown-vol-2-east-meets-west-live-at-moe/,301,false
https://blues.ru/data/albumview.aspx?cdid=1027,https://blues.ru/review/review-looking-at-long-john-baldry-the-ua-years-1964-1966/,301,false
https://blues.ru/data/albumview.aspx?cdid=1028,https://blues.ru/review/review-memphis/,301,false
https://blues.ru/data/albumview.aspx?cdid=1029,https://blues.ru/review/review-fragile/,301,false
https://blues.ru/data/albumview.aspx?cdid=1030,https://blues.ru/review/review-blue-3rd/,301,false
https://blues.ru/data/albumview.aspx?cdid=1031,https://blues.ru/review/review-bastille-blues/,301,false
https://blues.ru/data/albumview.aspx?cdid=1032,https://blues.ru/review/review-le-grand-blues-band/,301,false
https://blues.ru/data/albumview.aspx?cdid=1033,https://blues.ru/review/review-routes/,301,false
https://blues.ru/data/albumview.aspx?cdid=1034,https://blues.ru/review/review-explorer/,301,false
https://blues.ru/data/albumview.aspx?cdid=1036,https://blues.ru/review/review-takin-chances/,301,false
https://blues.ru/data/albumview.aspx?cdid=1037,https://blues.ru/review/review-cruisin-for-a-bruisin/,301,false
https://blues.ru/data/albumview.aspx?cdid=1038,https://blues.ru/review/review-roughhousin/,301,false
https://blues.ru/data/albumview.aspx?cdid=1039,https://blues.ru/review/review-in-the-palace-of-the-king/,301,false
https://blues.ru/data/albumview.aspx?cdid=1040,https://blues.ru/review/review-old-school/,301,false
https://blues.ru/data/albumview.aspx?cdid=1041,https://blues.ru/review/review-the-1968-memphis-country-blues-festival-with-bukka-wh/,301,false
https://blues.ru/data/albumview.aspx?cdid=1042,https://blues.ru/review/review-nice-strong/,301,false
https://blues.ru/data/albumview.aspx?cdid=1043,https://blues.ru/review/review-delay-does-chicago/,301,false
https://blues.ru/data/albumview.aspx?cdid=1044,https://blues.ru/review/review-the-complete-blue-horizon-sessions/,301,false
https://blues.ru/data/albumview.aspx?cdid=1045,https://blues.ru/review/review-life-on-mars/,301,false
https://blues.ru/data/albumview.aspx?cdid=1046,https://blues.ru/review/review-for-real/,301,false
https://blues.ru/data/albumview.aspx?cdid=1047,https://blues.ru/review/review-dealin/,301,false
https://blues.ru/data/albumview.aspx?cdid=1048,https://blues.ru/review/review-down-in-the-mood-room/,301,false
https://blues.ru/data/albumview.aspx?cdid=1049,https://blues.ru/review/review-johnson-s-whacks/,301,false
https://blues.ru/data/albumview.aspx?cdid=1050,https://blues.ru/review/review-north-south-3/,301,false
https://blues.ru/data/albumview.aspx?cdid=1051,https://blues.ru/review/review-watermelon-slim-and-the-workers/,301,false
https://blues.ru/data/albumview.aspx?cdid=1052,https://blues.ru/review/review-in-your-lonesome-town/,301,false
https://blues.ru/data/albumview.aspx?cdid=1053,https://blues.ru/review/review-england-s-newest-hit-makers/,301,false
https://blues.ru/data/albumview.aspx?cdid=1054,https://blues.ru/review/review-12-x-5/,301,false
https://blues.ru/data/albumview.aspx?cdid=1055,https://blues.ru/review/review-the-rolling-stones-now/,301,false
https://blues.ru/data/albumview.aspx?cdid=1056,https://blues.ru/review/review-songlines/,301,false
https://blues.ru/data/albumview.aspx?cdid=1057,https://blues.ru/review/review-soul-serenade/,301,false
https://blues.ru/data/albumview.aspx?cdid=1058,https://blues.ru/review/review-joyful-noise/,301,false
https://blues.ru/data/albumview.aspx?cdid=1059,https://blues.ru/review/review-stone-blues/,301,false
https://blues.ru/data/albumview.aspx?cdid=1060,https://blues.ru/review/review-36-22-36/,301,false
https://blues.ru/data/albumview.aspx?cdid=1061,https://blues.ru/review/review-leave-the-blues-to-us/,301,false
https://blues.ru/data/albumview.aspx?cdid=1062,https://blues.ru/review/review-deep-detroit/,301,false
https://blues.ru/data/albumview.aspx?cdid=1063,https://blues.ru/review/review-whatever-s-right/,301,false
https://blues.ru/data/albumview.aspx?cdid=1064,https://blues.ru/review/review-461-ocean-boulevard/,301,false
https://blues.ru/data/albumview.aspx?cdid=1065,https://blues.ru/review/review-push-comes-to-shove/,301,false
https://blues.ru/data/albumview.aspx?cdid=1066,https://blues.ru/review/review-the-complete-blue-horizon-sessions-2/,301,false
https://blues.ru/data/albumview.aspx?cdid=1067,https://blues.ru/review/review-paradise-fanfare-blues/,301,false
https://blues.ru/data/albumview.aspx?cdid=1068,https://blues.ru/review/review-we-ll-never-turn-back/,301,false
https://blues.ru/data/albumview.aspx?cdid=1069,https://blues.ru/review/review-out-of-the-madness/,301,false
https://blues.ru/data/albumview.aspx?cdid=1070,https://blues.ru/review/review-strike-like-lightning/,301,false
https://blues.ru/data/albumview.aspx?cdid=1071,https://blues.ru/review/review-memphis-wham/,301,false
https://blues.ru/data/albumview.aspx?cdid=1072,https://blues.ru/review/review-down-home/,301,false
https://blues.ru/data/albumview.aspx?cdid=1073,https://blues.ru/review/review-coffee-house-blues/,301,false
https://blues.ru/data/albumview.aspx?cdid=1074,https://blues.ru/review/review-live-in-sweden-dvd/,301,false
https://blues.ru/data/albumview.aspx?cdid=1075,https://blues.ru/review/review-dancing-on-the-edge/,301,false
https://blues.ru/data/albumview.aspx?cdid=1076,https://blues.ru/review/review-hot-wires/,301,false
https://blues.ru/data/albumview.aspx?cdid=1077,https://blues.ru/review/review-drive/,301,false
https://blues.ru/data/albumview.aspx?cdid=1079,https://blues.ru/review/review-blues-with-a-feeling-chess-collectibles-vol-3/,301,false
https://blues.ru/data/albumview.aspx?cdid=1080,https://blues.ru/review/review-the-swamp-boogie-queen/,301,false
https://blues.ru/data/albumview.aspx?cdid=1081,https://blues.ru/review/review-comin-your-way/,301,false
https://blues.ru/data/albumview.aspx?cdid=1082,https://blues.ru/review/review-roy-buchanan/,301,false
https://blues.ru/data/albumview.aspx?cdid=1083,https://blues.ru/review/review-hoodoo-moon/,301,false
https://blues.ru/data/albumview.aspx?cdid=1084,https://blues.ru/review/review-right-place-wrong-time/,301,false
https://blues.ru/data/albumview.aspx?cdid=1085,https://blues.ru/review/review-there-s-one-in-every-crowd/,301,false
https://blues.ru/data/albumview.aspx?cdid=1087,https://blues.ru/review/review-money-and-cigarettes/,301,false
https://blues.ru/data/albumview.aspx?cdid=1088,https://blues.ru/review/review-the-blues-is-where-it-s-at/,301,false
https://blues.ru/data/albumview.aspx?cdid=1089,https://blues.ru/review/review-long-way-home/,301,false
https://blues.ru/data/albumview.aspx?cdid=1090,https://blues.ru/review/review-live-in-europe-dvd/,301,false
https://blues.ru/data/albumview.aspx?cdid=1091,https://blues.ru/review/review-the-american-folk-blues-festival-1962-1966-vol-1-dvd/,301,false
https://blues.ru/data/albumview.aspx?cdid=1092,https://blues.ru/review/review-the-american-folk-blues-festival-1962-1966-vol-2-dvd/,301,false
https://blues.ru/data/albumview.aspx?cdid=1093,https://blues.ru/review/review-live-in-europe-dvd-2/,301,false
https://blues.ru/data/albumview.aspx?cdid=1094,https://blues.ru/review/review-the-american-folk-blues-festival-1962-1969-vol-3-dvd/,301,false
https://blues.ru/data/albumview.aspx?cdid=1095,https://blues.ru/review/review-cheatin-habit/,301,false
https://blues.ru/data/albumview.aspx?cdid=1096,https://blues.ru/review/review-border-town-legend/,301,false
https://blues.ru/data/albumview.aspx?cdid=1097,https://blues.ru/review/review-back-on-top-2/,301,false
https://blues.ru/data/albumview.aspx?cdid=1098,https://blues.ru/review/review-after-hours-2/,301,false
https://blues.ru/data/albumview.aspx?cdid=1099,https://blues.ru/review/review-takin-it-easy/,301,false
https://blues.ru/data/albumview.aspx?cdid=1100,https://blues.ru/review/review-the-american-folk-blues-festival-the-british-tours-19/,301,false
https://blues.ru/data/albumview.aspx?cdid=1101,https://blues.ru/review/review-still-river/,301,false
https://blues.ru/data/albumview.aspx?cdid=1102,https://blues.ru/review/review-the-complete-blue-horizon-sessions-3/,301,false
https://blues.ru/data/albumview.aspx?cdid=1103,https://blues.ru/review/review-texas-twister/,301,false
https://blues.ru/data/albumview.aspx?cdid=1104,https://blues.ru/review/review-the-progressive-blues-experiment/,301,false
https://blues.ru/data/albumview.aspx?cdid=1105,https://blues.ru/review/review-second-winter/,301,false
https://blues.ru/data/albumview.aspx?cdid=1106,https://blues.ru/review/review-the-complete-blue-horizon-sessions-4/,301,false
https://blues.ru/data/albumview.aspx?cdid=1107,https://blues.ru/review/review-good-times/,301,false
https://blues.ru/data/albumview.aspx?cdid=1108,https://blues.ru/review/review-the-moon-is-rising/,301,false
https://blues.ru/data/albumview.aspx?cdid=1109,https://blues.ru/review/review-eddie-boyd-his-blues-band/,301,false
https://blues.ru/data/albumview.aspx?cdid=1110,https://blues.ru/review/review-the-complete-blue-horizon-sessions-5/,301,false
https://blues.ru/data/albumview.aspx?cdid=1111,https://blues.ru/review/review-shame-a-sin/,301,false
https://blues.ru/data/albumview.aspx?cdid=1112,https://blues.ru/review/review-alright-again/,301,false
https://blues.ru/data/albumview.aspx?cdid=1113,https://blues.ru/review/review-timeless/,301,false
https://blues.ru/data/albumview.aspx?cdid=1114,https://blues.ru/review/review-ice-pickin/,301,false
https://blues.ru/data/albumview.aspx?cdid=1115,https://blues.ru/review/review-chicago-bound/,301,false
https://blues.ru/data/albumview.aspx?cdid=1116,https://blues.ru/review/review-the-best-of-etta-james/,301,false
https://blues.ru/data/albumview.aspx?cdid=1117,https://blues.ru/review/review-reservation-blues/,301,false
https://blues.ru/data/albumview.aspx?cdid=1118,https://blues.ru/review/review-what-it-takes-the-chess-years/,301,false
https://blues.ru/data/albumview.aspx?cdid=1119,https://blues.ru/review/review-howlin-wolf-his-best-chess-50th-anniversary-collectio/,301,false
https://blues.ru/data/albumview.aspx?cdid=1120,https://blues.ru/review/review-the-complete-blue-horizon-sessions-6/,301,false
https://blues.ru/data/albumview.aspx?cdid=1121,https://blues.ru/review/review-rags-blues-barrelhouse-music-vol-1/,301,false
https://blues.ru/data/albumview.aspx?cdid=1122,https://blues.ru/review/review-slideways/,301,false
https://blues.ru/data/albumview.aspx?cdid=1123,https://blues.ru/review/review-live-at-birdland-1957/,301,false
https://blues.ru/data/albumview.aspx?cdid=1124,https://blues.ru/review/review-the-complete-chess-studio-recordings/,301,false
https://blues.ru/data/albumview.aspx?cdid=1125,https://blues.ru/review/review-there-is-always-one-more-time/,301,false
https://blues.ru/data/albumview.aspx?cdid=1126,https://blues.ru/review/review-the-complete-blue-horizon-sessions-8/,301,false
https://blues.ru/data/albumview.aspx?cdid=1127,https://blues.ru/review/review-high-compression/,301,false
https://blues.ru/data/albumview.aspx?cdid=1128,https://blues.ru/review/review-loading-zone/,301,false
https://blues.ru/data/albumview.aspx?cdid=1129,https://blues.ru/review/review-blues-and/,301,false
https://blues.ru/data/albumview.aspx?cdid=1130,https://blues.ru/review/review-nobody-s-blues-but-mine-2-lps/,301,false
https://blues.ru/data/albumview.aspx?cdid=1131,https://blues.ru/review/review-the-complete-blue-horizon-sessions-9/,301,false
https://blues.ru/data/albumview.aspx?cdid=1132,https://blues.ru/review/review-live-at-nightstage-dvd/,301,false
https://blues.ru/data/albumview.aspx?cdid=1133,https://blues.ru/review/review-risin-with-the-blues/,301,false
https://blues.ru/data/albumview.aspx?cdid=1134,https://blues.ru/review/review-today/,301,false
https://blues.ru/data/albumview.aspx?cdid=1135,https://blues.ru/review/review-teasin-you/,301,false
https://blues.ru/data/albumview.aspx?cdid=1136,https://blues.ru/review/review-memphis-in-the-morning/,301,false
https://blues.ru/data/albumview.aspx?cdid=1137,https://blues.ru/review/review-sugar-ray-the-bluetones-featuring-monster-mike-welch/,301,false
https://blues.ru/data/albumview.aspx?cdid=1138,https://blues.ru/review/review-on-the-jimmy-reed-highway/,301,false
https://blues.ru/data/albumview.aspx?cdid=1139,https://blues.ru/review/review-the-complete-blue-horizon-sessions-10/,301,false
https://blues.ru/data/albumview.aspx?cdid=1140,https://blues.ru/review/review-night-ain-t-right/,301,false
https://blues.ru/data/albumview.aspx?cdid=1141,https://blues.ru/review/review-raw-harmonica-blues/,301,false
https://blues.ru/data/albumview.aspx?cdid=1142,https://blues.ru/review/review-five-long-years/,301,false
https://blues.ru/data/albumview.aspx?cdid=1143,https://blues.ru/review/review-down-home-in-mississippi/,301,false
https://blues.ru/data/albumview.aspx?cdid=1144,https://blues.ru/review/review-lightning-in-a-bottle/,301,false
https://blues.ru/data/albumview.aspx?cdid=1145,https://blues.ru/review/review-tough-dude/,301,false
https://blues.ru/data/albumview.aspx?cdid=1146,https://blues.ru/review/review-lightnin-strikes/,301,false
https://blues.ru/data/albumview.aspx?cdid=1147,https://blues.ru/review/review-r-b/,301,false
https://blues.ru/data/albumview.aspx?cdid=1148,https://blues.ru/review/review-down-depressed-dangerous/,301,false
https://blues.ru/data/albumview.aspx?cdid=1149,https://blues.ru/review/review-ready-for-love/,301,false
https://blues.ru/data/albumview.aspx?cdid=1150,https://blues.ru/review/review-the-road-to-escondido-4/,301,false
https://blues.ru/data/albumview.aspx?cdid=1151,https://blues.ru/review/review-where-i-been/,301,false
https://blues.ru/data/albumview.aspx?cdid=1152,https://blues.ru/review/review-soul-sanctuary/,301,false
https://blues.ru/data/albumview.aspx?cdid=1153,https://blues.ru/review/review-keep-on-running/,301,false
https://blues.ru/data/albumview.aspx?cdid=1154,https://blues.ru/review/review-blue-guitars/,301,false
https://blues.ru/data/albumview.aspx?cdid=1155,https://blues.ru/review/review-to-tulsa-and-back/,301,false
https://blues.ru/data/albumview.aspx?cdid=1156,https://blues.ru/review/review-live-at-the-basement/,301,false
https://blues.ru/data/albumview.aspx?cdid=1157,https://blues.ru/review/review-harmonica-blues/,301,false
https://blues.ru/data/albumview.aspx?cdid=1158,https://blues.ru/review/review-triple-trouble/,301,false
https://blues.ru/data/albumview.aspx?cdid=1159,https://blues.ru/review/review-goin-down-south/,301,false
https://blues.ru/data/albumview.aspx?cdid=1160,https://blues.ru/review/review-human-condition-revisited-i-used-to-be-mad-but-now-i/,301,false
https://blues.ru/data/albumview.aspx?cdid=1161,https://blues.ru/review/review-coming-from-the-old-school/,301,false
https://blues.ru/data/albumview.aspx?cdid=1162,https://blues.ru/review/review-booty-bumpin-recorded-live/,301,false
https://blues.ru/data/albumview.aspx?cdid=1163,https://blues.ru/review/review-in-flight/,301,false
https://blues.ru/data/albumview.aspx?cdid=1164,https://blues.ru/review/review-then-play-on/,301,false
https://blues.ru/data/albumview.aspx?cdid=1166,https://blues.ru/review/review-blue-velocity/,301,false
https://blues.ru/data/albumview.aspx?cdid=1168,https://blues.ru/review/review-hope-radio/,301,false
https://blues.ru/data/albumview.aspx?cdid=1169,https://blues.ru/review/review-west-side-strut-2/,301,false
https://blues.ru/data/albumview.aspx?cdid=1170,https://blues.ru/review/review-dirty-mother/,301,false
https://blues.ru/data/albumview.aspx?cdid=1171,https://blues.ru/review/review-goin-on-main-street/,301,false
https://blues.ru/data/albumview.aspx?cdid=1172,https://blues.ru/review/review-the-boston-box/,301,false
https://blues.ru/data/albumview.aspx?cdid=1173,https://blues.ru/review/review-dupree-n-mcphee-the-1967-blue-horizon-session/,301,false
https://blues.ru/data/albumview.aspx?cdid=1174,https://blues.ru/review/review-blues-from-the-gutter/,301,false
https://blues.ru/data/albumview.aspx?cdid=1175,https://blues.ru/review/review-whiskey-money-and-women/,301,false
https://blues.ru/data/albumview.aspx?cdid=1176,https://blues.ru/review/review-home-is-where-my-harps-is/,301,false
https://blues.ru/data/albumview.aspx?cdid=1177,https://blues.ru/review/review-natural-and-soulful-blues-champion-of-the-blues/,301,false
https://blues.ru/data/albumview.aspx?cdid=1178,https://blues.ru/review/review-superharps-ii/,301,false
https://blues.ru/data/albumview.aspx?cdid=1179,https://blues.ru/review/review-original-soundtrack-black-snake-moan/,301,false
https://blues.ru/data/albumview.aspx?cdid=1180,https://blues.ru/review/review-guitar-d-and-feathered/,301,false
https://blues.ru/data/albumview.aspx?cdid=1181,https://blues.ru/review/review-let-s-talk-about-love/,301,false
https://blues.ru/data/albumview.aspx?cdid=1182,https://blues.ru/review/review-post-industrial-blues/,301,false
https://blues.ru/data/albumview.aspx?cdid=1183,https://blues.ru/review/review-live-at-rosa-s-blues-lounge/,301,false
https://blues.ru/data/albumview.aspx?cdid=1184,https://blues.ru/review/review-dirt-farmer/,301,false
https://blues.ru/data/albumview.aspx?cdid=1185,https://blues.ru/review/review-superharps/,301,false
https://blues.ru/data/albumview.aspx?cdid=1186,https://blues.ru/review/review-from-new-orleans-to-chicago-champion-jack-dupree-and/,301,false
https://blues.ru/data/albumview.aspx?cdid=1187,https://blues.ru/review/review-harp-attack-2/,301,false
https://blues.ru/data/albumview.aspx?cdid=1188,https://blues.ru/review/review-play-it-til-tomorrow/,301,false
https://blues.ru/data/albumview.aspx?cdid=1189,https://blues.ru/review/review-the-complete-blue-horizon-sessions-11/,301,false
https://blues.ru/data/albumview.aspx?cdid=1190,https://blues.ru/review/review-i-smell-a-rat/,301,false
https://blues.ru/data/albumview.aspx?cdid=1191,https://blues.ru/review/review-live-4/,301,false
https://blues.ru/data/albumview.aspx?cdid=1192,https://blues.ru/review/review-long-time-coming-2/,301,false
https://blues.ru/data/albumview.aspx?cdid=1193,https://blues.ru/review/review-goin-back-to-dallas/,301,false
https://blues.ru/data/albumview.aspx?cdid=1195,https://blues.ru/review/review-thrillville/,301,false
https://blues.ru/data/albumview.aspx?cdid=1196,https://blues.ru/review/review-duke-robillard-s-world-full-of-blues/,301,false
https://blues.ru/data/albumview.aspx?cdid=1197,https://blues.ru/review/review-raisin-a-ruckus/,301,false
https://blues.ru/data/albumview.aspx?cdid=1198,https://blues.ru/review/,301,false
https://blues.ru/data/albumview.aspx?cdid=1199,https://blues.ru/review/review-itinerary-of-a-genius/,301,false
https://blues.ru/data/albumview.aspx?cdid=1200,https://blues.ru/review/review-solos-sessions-encores/,301,false
https://blues.ru/data/albumview.aspx?cdid=1201,https://blues.ru/review/review-harlem-blues/,301,false
https://blues.ru/data/albumview.aspx?cdid=1202,https://blues.ru/review/review-dirty-blues-band-stone-dirt/,301,false
https://blues.ru/data/albumview.aspx?cdid=1203,https://blues.ru/review/review-fingertips/,301,false
https://blues.ru/data/albumview.aspx?cdid=1204,https://blues.ru/review/review-iron-man/,301,false
https://blues.ru/data/albumview.aspx?cdid=1205,https://blues.ru/review/review-state-of-grace/,301,false
https://blues.ru/data/albumview.aspx?cdid=1206,https://blues.ru/review/review-dirty-deal/,301,false
https://blues.ru/data/albumview.aspx?cdid=1207,https://blues.ru/review/review-danger-white-men-dancing-2/,301,false
https://blues.ru/data/albumview.aspx?cdid=1208,https://blues.ru/review/review-mess-of-blues/,301,false
https://blues.ru/data/albumview.aspx?cdid=1210,https://blues.ru/review/review-peace-love-bbq/,301,false
https://blues.ru/data/albumview.aspx?cdid=1211,https://blues.ru/review/review-the-soul-truth/,301,false
https://blues.ru/data/albumview.aspx?cdid=1212,https://blues.ru/review/review-now-my-soul/,301,false
https://blues.ru/data/albumview.aspx?cdid=1213,https://blues.ru/review/review-moment-of-truth/,301,false
https://blues.ru/data/albumview.aspx?cdid=1214,https://blues.ru/review/review-blues-in-my-heart/,301,false
https://blues.ru/data/albumview.aspx?cdid=1215,https://blues.ru/review/review-acoustic-album/,301,false
https://blues.ru/data/albumview.aspx?cdid=1216,https://blues.ru/review/review-i-make-my-home-in-my-shoes/,301,false
https://blues.ru/data/albumview.aspx?cdid=1217,https://blues.ru/review/review-new-guitar-summit/,301,false
https://blues.ru/data/albumview.aspx?cdid=1218,https://blues.ru/review/review-we-the-people/,301,false
https://blues.ru/data/albumview.aspx?cdid=1219,https://blues.ru/review/review-adventures-in-jazzland/,301,false
https://blues.ru/data/albumview.aspx?cdid=1220,https://blues.ru/review/review-among-friends/,301,false
https://blues.ru/data/albumview.aspx?cdid=1221,https://blues.ru/review/review-it-s-tight-like-that/,301,false
https://blues.ru/data/albumview.aspx?cdid=1222,https://blues.ru/review/review-country-ghetto/,301,false
https://blues.ru/data/albumview.aspx?cdid=1223,https://blues.ru/review/review-that-would-be-fine/,301,false
https://blues.ru/data/albumview.aspx?cdid=1224,https://blues.ru/review/review-blood-brothers/,301,false
https://blues.ru/data/albumview.aspx?cdid=1225,https://blues.ru/review/review-low-on-cash-rich-in-love/,301,false
https://blues.ru/data/albumview.aspx?cdid=1227,https://blues.ru/review/review-in-good-we-trust/,301,false
https://blues.ru/data/albumview.aspx?cdid=1228,https://blues.ru/review/review-blues-from-the-middle/,301,false
https://blues.ru/data/albumview.aspx?cdid=1229,https://blues.ru/review/review-still-jumpin-the-blues/,301,false
https://blues.ru/data/albumview.aspx?cdid=1230,https://blues.ru/review/review-naughty-bawdy-and-blue/,301,false
https://blues.ru/data/albumview.aspx?cdid=1231,https://blues.ru/review/review-blue-diamond/,301,false
https://blues.ru/data/albumview.aspx?cdid=1232,https://blues.ru/review/review-exalted-lover/,301,false
https://blues.ru/data/albumview.aspx?cdid=1233,https://blues.ru/review/review-guitar-groove-a-rama/,301,false
https://blues.ru/data/albumview.aspx?cdid=1234,https://blues.ru/review/,301,false
https://blues.ru/data/albumview.aspx?cdid=1235,https://blues.ru/review/review-blue-mood-the-songs-of-t-bone-walker/,301,false
https://blues.ru/data/albumview.aspx?cdid=1236,https://blues.ru/review/review-black-cat-bone/,301,false
https://blues.ru/data/albumview.aspx?cdid=1237,https://blues.ru/review/review-flash-forward/,301,false
https://blues.ru/data/albumview.aspx?cdid=1238,https://blues.ru/review/review-boy-in-the-boat/,301,false
https://blues.ru/data/albumview.aspx?cdid=1239,https://blues.ru/review/review-rhythm-of-love/,301,false
https://blues.ru/data/albumview.aspx?cdid=1240,https://blues.ru/review/review-recapturing-the-banjo/,301,false
https://blues.ru/data/albumview.aspx?cdid=1241,https://blues.ru/review/review-the-blues-of-otis-spann-cracked-spanner-head/,301,false
https://blues.ru/data/albumview.aspx?cdid=1242,https://blues.ru/review/review-the-blues-never-die/,301,false
https://blues.ru/data/albumview.aspx?cdid=1243,https://blues.ru/review/review-evening-with-eric-bibb/,301,false
https://blues.ru/data/albumview.aspx?cdid=1244,https://blues.ru/review/review-on-air/,301,false
https://blues.ru/data/albumview.aspx?cdid=1245,https://blues.ru/review/review-get-on-board/,301,false
https://blues.ru/data/albumview.aspx?cdid=1246,https://blues.ru/review/review-king-of-the-highway/,301,false
https://blues.ru/data/albumview.aspx?cdid=1247,https://blues.ru/review/review-harmonica-ace/,301,false
https://blues.ru/data/albumview.aspx?cdid=1248,https://blues.ru/review/review-alone-with-the-blues/,301,false
https://blues.ru/data/albumview.aspx?cdid=1249,https://blues.ru/review/review-now-you-can-talk-about-me/,301,false
https://blues.ru/data/albumview.aspx?cdid=1250,https://blues.ru/review/review-imagination-lady/,301,false
https://blues.ru/data/albumview.aspx?cdid=1251,https://blues.ru/review/review-unlucky-boy/,301,false
https://blues.ru/data/albumview.aspx?cdid=1252,https://blues.ru/review/review-it-still-ain-t-easy/,301,false
https://blues.ru/data/albumview.aspx?cdid=1254,https://blues.ru/review/review-satisfy-me/,301,false
https://blues.ru/data/albumview.aspx?cdid=1255,https://blues.ru/review/review-the-bottom-of-the-blues/,301,false
https://blues.ru/data/albumview.aspx?cdid=1256,https://blues.ru/review/review-midnight-jump/,301,false
https://blues.ru/data/albumview.aspx?cdid=1257,https://blues.ru/review/review-walking-the-blues/,301,false
https://blues.ru/data/albumview.aspx?cdid=1258,https://blues.ru/review/review-big-shoulders/,301,false
https://blues.ru/data/albumview.aspx?cdid=1260,https://blues.ru/review/review-doin-the-funky-thing/,301,false
https://blues.ru/data/albumview.aspx?cdid=1261,https://blues.ru/review/review-poor-boy-in-concert-1973-1981/,301,false
https://blues.ru/data/albumview.aspx?cdid=1262,https://blues.ru/review/review-breakin-it-up-breakin-it-down/,301,false
https://blues.ru/data/albumview.aspx?cdid=1263,https://blues.ru/review/review-mississippi-blues/,301,false
https://blues.ru/data/albumview.aspx?cdid=1265,https://blues.ru/review/review-second-album/,301,false
https://blues.ru/data/albumview.aspx?cdid=1266,https://blues.ru/review/review-the-music-of-mississippi-fred-mcdowell/,301,false
https://blues.ru/data/albumview.aspx?cdid=1267,https://blues.ru/review/review-just-like-love/,301,false
https://blues.ru/data/albumview.aspx?cdid=1268,https://blues.ru/review/review-bottom-of-the-top/,301,false
https://blues.ru/data/albumview.aspx?cdid=1269,https://blues.ru/review/review-big-daddy/,301,false
https://blues.ru/data/albumview.aspx?cdid=1270,https://blues.ru/review/review-from-the-reach/,301,false
https://blues.ru/data/albumview.aspx?cdid=1271,https://blues.ru/review/review-into-the-blues/,301,false
https://blues.ru/data/albumview.aspx?cdid=1272,https://blues.ru/review/review-daddy-gave-me-the-blues/,301,false
https://blues.ru/data/albumview.aspx?cdid=1273,https://blues.ru/review/review-city-that-care-forgot/,301,false
https://blues.ru/data/albumview.aspx?cdid=1274,https://blues.ru/review/review-bad-blood-in-the-city-the-piety-street-sessions/,301,false
https://blues.ru/data/albumview.aspx?cdid=1275,https://blues.ru/review/review-and-this-is-free-the-life-and-times-of-chicago-s-lege/,301,false
https://blues.ru/data/albumview.aspx?cdid=1276,https://blues.ru/review/review-same-old-man/,301,false
https://blues.ru/data/albumview.aspx?cdid=1277,https://blues.ru/review/review-tribute-to-bobby/,301,false
https://blues.ru/data/albumview.aspx?cdid=1278,https://blues.ru/review/,301,false
https://blues.ru/data/albumview.aspx?cdid=1279,https://blues.ru/review/review-visions/,301,false
https://blues.ru/data/albumview.aspx?cdid=1281,https://blues.ru/review/review-one-step-closer/,301,false
https://blues.ru/data/albumview.aspx?cdid=1282,https://blues.ru/review/review-otis-spann-is-the-blues/,301,false
https://blues.ru/data/albumview.aspx?cdid=1283,https://blues.ru/review/review-the-complete-blue-horizon-sessions-12/,301,false
https://blues.ru/data/albumview.aspx?cdid=1284,https://blues.ru/review/review-get-on-down/,301,false
https://blues.ru/data/albumview.aspx?cdid=1285,https://blues.ru/review/review-the-complete-blue-horizon-sessions-13/,301,false
https://blues.ru/data/albumview.aspx?cdid=1286,https://blues.ru/review/review-sunnyland-special-the-cobra-j-o-b-recordings-1949-56/,301,false
https://blues.ru/data/albumview.aspx?cdid=1288,https://blues.ru/review/review-eric-sardinas-big-motor/,301,false
https://blues.ru/data/albumview.aspx?cdid=1289,https://blues.ru/review/review-one-kind-favor/,301,false
https://blues.ru/data/albumview.aspx?cdid=1290,https://blues.ru/review/review-skin-deep/,301,false
https://blues.ru/data/albumview.aspx?cdid=1291,https://blues.ru/review/review-i-flathead/,301,false
https://blues.ru/data/albumview.aspx?cdid=1292,https://blues.ru/review/review-let-life-flow/,301,false
https://blues.ru/data/albumview.aspx?cdid=1293,https://blues.ru/review/review-hash-brown-s-texas-blues-revue/,301,false
https://blues.ru/data/albumview.aspx?cdid=1294,https://blues.ru/review/review-mississippi-delta-blues-jam-in-memphis-vol-1/,301,false
https://blues.ru/data/albumview.aspx?cdid=1295,https://blues.ru/review/review-mississippi-delta-blues-jam-in-memphis-vol-2/,301,false
https://blues.ru/data/albumview.aspx?cdid=1296,https://blues.ru/review/review-madcat-the-cats-live-at-the-ark/,301,false
https://blues.ru/data/albumview.aspx?cdid=1297,https://blues.ru/review/review-born-in-arkansas/,301,false
https://blues.ru/data/albumview.aspx?cdid=1298,https://blues.ru/review/review-ain-t-a-gonna-lie-to-you-2/,301,false
https://blues.ru/data/albumview.aspx?cdid=1300,https://blues.ru/review/review-chill-out/,301,false
https://blues.ru/data/albumview.aspx?cdid=1301,https://blues.ru/review/review-old-friends/,301,false
https://blues.ru/data/albumview.aspx?cdid=1302,https://blues.ru/review/review-house-rent-party/,301,false
https://blues.ru/data/albumview.aspx?cdid=1303,https://blues.ru/review/review-past-life-blues/,301,false
https://blues.ru/data/albumview.aspx?cdid=1304,https://blues.ru/review/review-02/,301,false
https://blues.ru/data/albumview.aspx?cdid=1306,https://blues.ru/review/review-better-way/,301,false
https://blues.ru/data/albumview.aspx?cdid=1307,https://blues.ru/review/review-lonesome-bedroom-blues/,301,false
https://blues.ru/data/albumview.aspx?cdid=1308,https://blues.ru/review/review-walk/,301,false
https://blues.ru/data/albumview.aspx?cdid=1309,https://blues.ru/review/review-look-at-what-you-gettin/,301,false
https://blues.ru/data/albumview.aspx?cdid=1310,https://blues.ru/review/review-masters-of-modern-blues/,301,false
https://blues.ru/data/albumview.aspx?cdid=1311,https://blues.ru/review/review-blues-rags-hollers/,301,false
https://blues.ru/data/albumview.aspx?cdid=1312,https://blues.ru/review/review-johnny-shines-with-big-walter-horton/,301,false
https://blues.ru/data/albumview.aspx?cdid=1313,https://blues.ru/review/review-evening-shuffle-the-complete-j-o-b-recordings-1952-53/,301,false
https://blues.ru/data/albumview.aspx?cdid=1314,https://blues.ru/review/review-stolen-blues/,301,false
https://blues.ru/data/albumview.aspx?cdid=1315,https://blues.ru/review/review-10-days-out-blues-from-the-backroads-cd-dvd/,301,false
https://blues.ru/data/albumview.aspx?cdid=1316,https://blues.ru/review/review-i-m-a-bluesman/,301,false
https://blues.ru/data/albumview.aspx?cdid=1317,https://blues.ru/review/review-blues-to-the-bone/,301,false
https://blues.ru/data/albumview.aspx?cdid=1318,https://blues.ru/review/review-the-road-to-escondido/,301,false
https://blues.ru/data/albumview.aspx?cdid=1319,https://blues.ru/review/review-energized-live-in-europe/,301,false
https://blues.ru/data/albumview.aspx?cdid=1320,https://blues.ru/review/review-live-down-the-road/,301,false
https://blues.ru/data/albumview.aspx?cdid=1321,https://blues.ru/review/review-brother-to-the-blues/,301,false
https://blues.ru/data/albumview.aspx?cdid=1322,https://blues.ru/review/review-blues-guitar-women/,301,false
https://blues.ru/data/albumview.aspx?cdid=1323,https://blues.ru/review/review-the-sonet-blues-story/,301,false
https://blues.ru/data/albumview.aspx?cdid=1324,https://blues.ru/review/review-buried-alive-in-the-blues-bonus-dvd-2/,301,false
https://blues.ru/data/albumview.aspx?cdid=1325,https://blues.ru/review/review-deliveries-after-dark/,301,false
https://blues.ru/data/albumview.aspx?cdid=1326,https://blues.ru/review/review-now/,301,false
https://blues.ru/data/albumview.aspx?cdid=1327,https://blues.ru/review/review-tramp/,301,false
https://blues.ru/data/albumview.aspx?cdid=1328,https://blues.ru/review/review-you-re-tuff-enough-the-blue-rock-studio-recordings/,301,false
https://blues.ru/data/albumview.aspx?cdid=1329,https://blues.ru/review/review-the-complete-blue-horizon-sessions-15/,301,false
https://blues.ru/data/albumview.aspx?cdid=1330,https://blues.ru/review/review-easy-blues/,301,false
https://blues.ru/data/albumview.aspx?cdid=1331,https://blues.ru/review/review-on-top-1963-1969/,301,false
https://blues.ru/data/albumview.aspx?cdid=1332,https://blues.ru/review/review-live-at-the-glenn-gould-studio/,301,false
https://blues.ru/data/albumview.aspx?cdid=1333,https://blues.ru/review/review-blues-n-stuff/,301,false
https://blues.ru/data/albumview.aspx?cdid=1334,https://blues.ru/review/review-magic-touch/,301,false
https://blues.ru/data/albumview.aspx?cdid=1335,https://blues.ru/review/review-smile-on-my-face/,301,false
https://blues.ru/data/albumview.aspx?cdid=1336,https://blues.ru/review/review-if-it-wasn-t-for-the-heartache/,301,false
https://blues.ru/data/albumview.aspx?cdid=1337,https://blues.ru/review/review-waiting-on-the-sun/,301,false
https://blues.ru/data/albumview.aspx?cdid=1338,https://blues.ru/review/review-time-will-tell-4/,301,false
https://blues.ru/data/albumview.aspx?cdid=1339,https://blues.ru/review/review-i-m-here-to-stay/,301,false
https://blues.ru/data/albumview.aspx?cdid=1340,https://blues.ru/review/review-follow-me-to-the-blues/,301,false
https://blues.ru/data/albumview.aspx?cdid=1341,https://blues.ru/review/review-greatest-hits-30-years-of-rock/,301,false
https://blues.ru/data/albumview.aspx?cdid=1342,https://blues.ru/review/review-vicious-country/,301,false
https://blues.ru/data/albumview.aspx?cdid=1343,https://blues.ru/review/review-name-of-the-game/,301,false
https://blues.ru/data/albumview.aspx?cdid=1344,https://blues.ru/review/review-mick-fleetwood-blues-band-blue-again/,301,false
https://blues.ru/data/albumview.aspx?cdid=1345,https://blues.ru/review/review-billy-boy-sings-sonny-boy/,301,false
https://blues.ru/data/albumview.aspx?cdid=1346,https://blues.ru/review/review-deluxe-edition-8/,301,false
https://blues.ru/data/albumview.aspx?cdid=1347,https://blues.ru/review/review-power-of-the-blues/,301,false
https://blues.ru/data/albumview.aspx?cdid=1348,https://blues.ru/review/review-paris-mississippi-blues/,301,false
https://blues.ru/data/albumview.aspx?cdid=1349,https://blues.ru/review/review-i-do-not-play-no-rock-n-roll/,301,false
https://blues.ru/data/albumview.aspx?cdid=1350,https://blues.ru/review/review-road-dogs/,301,false
https://blues.ru/data/albumview.aspx?cdid=1351,https://blues.ru/review/review-heart-of-mine-love-songs-of-bob-dylan/,301,false
https://blues.ru/data/albumview.aspx?cdid=1352,https://blues.ru/review/review-last-man-standing-the-duets/,301,false
https://blues.ru/data/albumview.aspx?cdid=1353,https://blues.ru/review/review-it-s-time/,301,false
https://blues.ru/data/albumview.aspx?cdid=1354,https://blues.ru/review/review-you-don-t-know-what-i-know/,301,false
https://blues.ru/data/albumview.aspx?cdid=1355,https://blues.ru/review/review-zero-tolerance/,301,false
https://blues.ru/data/albumview.aspx?cdid=1356,https://blues.ru/review/review-suitcase/,301,false
https://blues.ru/data/albumview.aspx?cdid=1357,https://blues.ru/review/review-diva-la-grande/,301,false
https://blues.ru/data/albumview.aspx?cdid=1358,https://blues.ru/review/review-ain-t-easy-no-more/,301,false
https://blues.ru/data/albumview.aspx?cdid=1359,https://blues.ru/review/review-soul-sanctuary-2/,301,false
https://blues.ru/data/albumview.aspx?cdid=1360,https://blues.ru/review/review-motivational-speaker/,301,false
https://blues.ru/data/albumview.aspx?cdid=1361,https://blues.ru/review/review-can-t-quit-the-blues/,301,false
https://blues.ru/data/albumview.aspx?cdid=1362,https://blues.ru/review/review-the-singing-drifter/,301,false
https://blues.ru/data/albumview.aspx?cdid=1363,https://blues.ru/review/review-too-white-to-sing-the-blues/,301,false
https://blues.ru/data/albumview.aspx?cdid=1364,https://blues.ru/review/review-texas-doghouse-blues/,301,false
https://blues.ru/data/albumview.aspx?cdid=1365,https://blues.ru/review/review-crystal-vision/,301,false
https://blues.ru/data/albumview.aspx?cdid=1366,https://blues.ru/review/review-painted-on/,301,false
https://blues.ru/data/albumview.aspx?cdid=1367,https://blues.ru/review/review-all-the-way/,301,false
https://blues.ru/data/albumview.aspx?cdid=1368,https://blues.ru/review/review-live-highwayman/,301,false
https://blues.ru/data/albumview.aspx?cdid=1369,https://blues.ru/review/review-live-from-across-the-pond/,301,false
https://blues.ru/data/albumview.aspx?cdid=1370,https://blues.ru/review/review-livin-with-the-blues/,301,false
https://blues.ru/data/albumview.aspx?cdid=1371,https://blues.ru/review/review-chicago-blues-festival/,301,false
https://blues.ru/data/albumview.aspx?cdid=1372,https://blues.ru/review/review-the-desperate-kingdom-of-love/,301,false
https://blues.ru/data/albumview.aspx?cdid=1373,https://blues.ru/review/review-genius-loves-company/,301,false
https://blues.ru/data/albumview.aspx?cdid=1374,https://blues.ru/review/review-dona-got-a-ramblin-mind/,301,false
https://blues.ru/data/albumview.aspx?cdid=1375,https://blues.ru/review/review-painkiller/,301,false
https://blues.ru/data/albumview.aspx?cdid=1376,https://blues.ru/review/review-a-tribute-to-slim-harpo-and-raful-neal/,301,false
https://blues.ru/data/albumview.aspx?cdid=1377,https://blues.ru/review/review-bamboozled-live-in-germany/,301,false
https://blues.ru/data/albumview.aspx?cdid=1378,https://blues.ru/review/review-ladies-man/,301,false
https://blues.ru/data/albumview.aspx?cdid=1379,https://blues.ru/review/review-prodigal-son/,301,false
https://blues.ru/data/albumview.aspx?cdid=1380,https://blues.ru/review/review-my-name-is-precious/,301,false
https://blues.ru/data/albumview.aspx?cdid=1381,https://blues.ru/review/review-ridin-the-darkhorse/,301,false
https://blues.ru/data/albumview.aspx?cdid=1382,https://blues.ru/review/review-colorblind/,301,false
https://blues.ru/data/albumview.aspx?cdid=1383,https://blues.ru/review/review-guitar-man-live/,301,false
https://blues.ru/data/albumview.aspx?cdid=1384,https://blues.ru/review/review-redneck-blues/,301,false
https://blues.ru/data/albumview.aspx?cdid=1385,https://blues.ru/review/review-otis-rush-live-at-montreux-1986/,301,false
https://blues.ru/data/albumview.aspx?cdid=1386,https://blues.ru/review/review-deluxe-edition-9/,301,false
https://blues.ru/data/albumview.aspx?cdid=1387,https://blues.ru/review/review-queen-of-the-blues-volume-1/,301,false
https://blues.ru/data/albumview.aspx?cdid=1388,https://blues.ru/review/review-self-made-man/,301,false
https://blues.ru/data/albumview.aspx?cdid=1389,https://blues.ru/review/review-stax-50th-anniversary-celebration/,301,false
https://blues.ru/data/albumview.aspx?cdid=1390,https://blues.ru/review/review-about-them-shoes/,301,false
https://blues.ru/data/albumview.aspx?cdid=1391,https://blues.ru/review/review-solid-ice/,301,false
https://blues.ru/data/albumview.aspx?cdid=1392,https://blues.ru/review/review-30th-anniversary-tour-live/,301,false
https://blues.ru/data/albumview.aspx?cdid=1393,https://blues.ru/review/review-in-the-heart-of-the-moon/,301,false
https://blues.ru/data/albumview.aspx?cdid=1394,https://blues.ru/review/review-deep-trout/,301,false
https://blues.ru/data/albumview.aspx?cdid=1395,https://blues.ru/review/review-got-blooze/,301,false
https://blues.ru/data/albumview.aspx?cdid=1396,https://blues.ru/review/review-let-me-in-2/,301,false
https://blues.ru/data/albumview.aspx?cdid=1397,https://blues.ru/review/review-screamin-and-hollerin-the-blues-the-worlds-of-charley/,301,false
https://blues.ru/data/albumview.aspx?cdid=1398,https://blues.ru/review/review-the-last-of-the-best/,301,false
https://blues.ru/data/albumview.aspx?cdid=1399,https://blues.ru/review/review-the-wheel-man/,301,false
https://blues.ru/data/albumview.aspx?cdid=1400,https://blues.ru/review/review-west-coast-house-party/,301,false
https://blues.ru/data/albumview.aspx?cdid=1401,https://blues.ru/review/review-the-complete-blue-horizon-sessions-16/,301,false
https://blues.ru/data/albumview.aspx?cdid=1402,https://blues.ru/review/review-fourth-and-beale/,301,false
https://blues.ru/data/albumview.aspx?cdid=1417,https://blues.ru/review/review-the-complete-blue-horizon-sessions-17/,301,false
https://blues.ru/data/albumview.aspx?cdid=1418,https://blues.ru/review/review-the-complete-blue-horizon-sessions-18/,301,false
https://blues.ru/data/albumview.aspx?cdid=1419,https://blues.ru/review/review-chicago-blues/,301,false
https://blues.ru/data/albumview.aspx?cdid=1420,https://blues.ru/review/review-johnny-young-his-friends/,301,false
https://blues.ru/data/albumview.aspx?cdid=1421,https://blues.ru/review/review-signature/,301,false
https://blues.ru/data/albumview.aspx?cdid=1422,https://blues.ru/review/review-i-got-what-it-takes/,301,false
https://blues.ru/data/albumview.aspx?cdid=1423,https://blues.ru/review/review-big-walter-horton-with-carey-bell/,301,false
https://blues.ru/data/albumview.aspx?cdid=1424,https://blues.ru/review/review-jo-ann-kelly/,301,false
https://blues.ru/data/albumview.aspx?cdid=1425,https://blues.ru/review/review-somebody-loan-me-a-dime/,301,false
https://blues.ru/data/albumview.aspx?cdid=1426,https://blues.ru/review/review-crawfish-fiesta/,301,false
https://blues.ru/data/albumview.aspx?cdid=1427,https://blues.ru/review/review-bayou-lightning/,301,false
https://blues.ru/data/albumview.aspx?cdid=1428,https://blues.ru/review/review-making-whoopee-1979-1982/,301,false
https://blues.ru/data/albumview.aspx?cdid=1429,https://blues.ru/review/review-masters-of-modern-blues-2/,301,false
https://blues.ru/data/albumview.aspx?cdid=1430,https://blues.ru/review/review-playing-for-keeps-2/,301,false
https://blues.ru/data/albumview.aspx?cdid=1431,https://blues.ru/review/review-the-son-seals-blues-band/,301,false
https://blues.ru/data/albumview.aspx?cdid=1432,https://blues.ru/review/review-nine-lives/,301,false
https://blues.ru/data/albumview.aspx?cdid=1433,https://blues.ru/review/review-masters-of-modern-blues-3/,301,false
https://blues.ru/data/albumview.aspx?cdid=1434,https://blues.ru/review/review-i-just-keep-lovin-him-a-tribute-to-little-walter/,301,false
https://blues.ru/data/albumview.aspx?cdid=1435,https://blues.ru/review/review-the-great-medical-menagerist/,301,false
https://blues.ru/data/albumview.aspx?cdid=1436,https://blues.ru/review/review-masters-of-modern-blues-4/,301,false
https://blues.ru/data/albumview.aspx?cdid=1437,https://blues.ru/review/review-smoke-and-steel/,301,false
https://blues.ru/data/albumview.aspx?cdid=1438,https://blues.ru/review/review-stretchin-out/,301,false
https://blues.ru/data/albumview.aspx?cdid=1439,https://blues.ru/review/review-years-since-yesterday/,301,false
https://blues.ru/data/albumview.aspx?cdid=1440,https://blues.ru/review/review-hound-dog-taylor-and-the-houserockers/,301,false
https://blues.ru/data/albumview.aspx?cdid=1441,https://blues.ru/review/review-the-truth-according-to-ruthie-foster/,301,false
https://blues.ru/data/albumview.aspx?cdid=1442,https://blues.ru/review/review-that-s-how-the-blues-found-me/,301,false
https://blues.ru/data/albumview.aspx?cdid=1443,https://blues.ru/review/review-deep-blues-of-paul-oscher/,301,false
https://blues.ru/data/albumview.aspx?cdid=1445,https://blues.ru/review/review-coletanea/,301,false
https://blues.ru/data/albumview.aspx?cdid=1446,https://blues.ru/review/review-plays-the-music-of-jimi-hendrix/,301,false
https://blues.ru/data/albumview.aspx?cdid=1447,https://blues.ru/review/review-lay-your-burden-down/,301,false
https://blues.ru/data/albumview.aspx?cdid=1448,https://blues.ru/review/review-no-paid-holidays/,301,false
https://blues.ru/data/albumview.aspx?cdid=1450,https://blues.ru/review/review-you-can-t-do-that/,301,false
https://blues.ru/data/albumview.aspx?cdid=1451,https://blues.ru/review/review-the-ballad-of-john-henry/,301,false
https://blues.ru/data/albumview.aspx?cdid=1452,https://blues.ru/review/review-never-going-back/,301,false
https://blues.ru/data/albumview.aspx?cdid=1453,https://blues.ru/review/review-if-it-wasn-t-for-the-heartache-2/,301,false
https://blues.ru/data/albumview.aspx?cdid=1454,https://blues.ru/review/review-blue-again/,301,false
https://blues.ru/data/albumview.aspx?cdid=1455,https://blues.ru/review/review-twisted/,301,false
https://blues.ru/data/albumview.aspx?cdid=1456,https://blues.ru/review/review-sad-hours/,301,false
https://blues.ru/data/albumview.aspx?cdid=1457,https://blues.ru/review/review-for-pete-s-sake/,301,false
https://blues.ru/data/albumview.aspx?cdid=1458,https://blues.ru/review/review-what-love-will-do/,301,false
https://blues.ru/data/albumview.aspx?cdid=1459,https://blues.ru/review/review-peace/,301,false
https://blues.ru/data/albumview.aspx?cdid=1460,https://blues.ru/review/review-way-down-south/,301,false
https://blues.ru/data/albumview.aspx?cdid=1461,https://blues.ru/review/review-texas-bluesman/,301,false
https://blues.ru/data/albumview.aspx?cdid=1462,https://blues.ru/review/review-that-s-life/,301,false
https://blues.ru/data/albumview.aspx?cdid=1463,https://blues.ru/review/review-orange-blossoms/,301,false
https://blues.ru/data/albumview.aspx?cdid=1464,https://blues.ru/review/review-watch-your-back/,301,false
https://blues.ru/data/albumview.aspx?cdid=1465,https://blues.ru/review/review-ludella/,301,false
https://blues.ru/data/albumview.aspx?cdid=1466,https://blues.ru/review/review-mighty-long-time/,301,false
https://blues.ru/data/albumview.aspx?cdid=1467,https://blues.ru/review/review-it-ain-t-easy/,301,false
https://blues.ru/data/albumview.aspx?cdid=1468,https://blues.ru/review/review-mind-your-own-business/,301,false
https://blues.ru/data/albumview.aspx?cdid=1469,https://blues.ru/review/review-blues-stop-knockin/,301,false
https://blues.ru/data/albumview.aspx?cdid=1471,https://blues.ru/review/review-soul-shake/,301,false
https://blues.ru/data/albumview.aspx?cdid=1472,https://blues.ru/review/review-bird-nest-on-the-ground/,301,false
https://blues.ru/data/albumview.aspx?cdid=1473,https://blues.ru/review/review-live-from-madison-square-garden/,301,false
https://blues.ru/data/albumview.aspx?cdid=1474,https://blues.ru/review/review-live-5/,301,false
https://blues.ru/data/albumview.aspx?cdid=1475,https://blues.ru/review/review-everything-stops-for-tea/,301,false
https://blues.ru/data/albumview.aspx?cdid=1476,https://blues.ru/review/review-chicago-the-blues-today/,301,false
https://blues.ru/data/albumview.aspx?cdid=1477,https://blues.ru/review/review-authorized-bootleg-live-at-the-fillmore-auditorium-sa/,301,false
https://blues.ru/data/albumview.aspx?cdid=1478,https://blues.ru/review/review-louisiana-rain/,301,false
https://blues.ru/data/albumview.aspx?cdid=1479,https://blues.ru/review/review-serious-business/,301,false
https://blues.ru/data/albumview.aspx?cdid=1480,https://blues.ru/review/review-monkey-land/,301,false
https://blues.ru/data/albumview.aspx?cdid=1481,https://blues.ru/review/review-into-the-mystic/,301,false
https://blues.ru/data/albumview.aspx?cdid=1482,https://blues.ru/review/review-love-the-game/,301,false
https://blues.ru/data/albumview.aspx?cdid=1483,https://blues.ru/review/review-songs-from-the-road-2/,301,false
https://blues.ru/data/albumview.aspx?cdid=1484,https://blues.ru/review/review-the-complete-chess-masters-1950-1967/,301,false
https://blues.ru/data/albumview.aspx?cdid=1485,https://blues.ru/review/review-johnny-winter-the-woodstock-experience-2cd/,301,false
https://blues.ru/data/albumview.aspx?cdid=1486,https://blues.ru/review/review-lost-1973-album/,301,false
https://blues.ru/data/albumview.aspx?cdid=1487,https://blues.ru/review/review-johnny-b-goode-his-complete-50s-chess-recordings/,301,false
https://blues.ru/data/albumview.aspx?cdid=1488,https://blues.ru/review/review-pisma-dvd-blu-ray/,301,false
https://blues.ru/data/albumview.aspx?cdid=1489,https://blues.ru/review/review-you-never-can-tell-the-complete-chess-recordings-1960/,301,false
https://blues.ru/data/albumview.aspx?cdid=1490,https://blues.ru/review/review-hot-flash/,301,false
https://blues.ru/data/albumview.aspx?cdid=1491,https://blues.ru/review/review-back-to-the-black-bayou/,301,false
https://blues.ru/data/albumview.aspx?cdid=1492,https://blues.ru/review/review-soul-monster/,301,false
https://blues.ru/data/albumview.aspx?cdid=1493,https://blues.ru/review/review-white-sugar/,301,false
https://blues.ru/data/albumview.aspx?cdid=1494,https://blues.ru/review/review-the-dirty-dozen/,301,false
https://blues.ru/data/albumview.aspx?cdid=1495,https://blues.ru/review/review-chicago-blues-a-living-history-2/,301,false
https://blues.ru/data/albumview.aspx?cdid=1496,https://blues.ru/review/review-give-the-drummer-some/,301,false
https://blues.ru/data/albumview.aspx?cdid=1497,https://blues.ru/review/review-i-m-a-man-the-chess-masters-1955-1958/,301,false
https://blues.ru/data/albumview.aspx?cdid=1498,https://blues.ru/review/review-memphis-days-definitive-edition-vol-1/,301,false
https://blues.ru/data/albumview.aspx?cdid=1503,https://blues.ru/review/review-memphis-days-definitive-edition-vol-2/,301,false
https://blues.ru/data/albumview.aspx?cdid=1504,https://blues.ru/review/review-wild-child/,301,false
https://blues.ru/data/albumview.aspx?cdid=1505,https://blues.ru/review/review-road-runner-the-chess-masters-1959-1960/,301,false
https://blues.ru/data/albumview.aspx?cdid=1506,https://blues.ru/review/review-ride-on-the-chess-masters-vol-3-1960-1961/,301,false
https://blues.ru/data/albumview.aspx?cdid=1507,https://blues.ru/review/review-otis-spann-s-chicago-blues/,301,false
https://blues.ru/data/albumview.aspx?cdid=1508,https://blues.ru/review/review-betcha-didn-t-know/,301,false
https://blues.ru/data/albumview.aspx?cdid=1509,https://blues.ru/review/review-born-lover/,301,false
https://blues.ru/data/albumview.aspx?cdid=1510,https://blues.ru/review/review-chicago-blues-a-living-history/,301,false
https://blues.ru/data/albumview.aspx?cdid=1511,https://blues.ru/review/review-this-time/,301,false
https://blues.ru/data/albumview.aspx?cdid=1512,https://blues.ru/review/review-white-sugar-2/,301,false
https://blues.ru/data/albumview.aspx?cdid=1513,https://blues.ru/review/review-funk-n-blues-man/,301,false
https://blues.ru/data/albumview.aspx?cdid=1514,https://blues.ru/review/review-looking-for-a-party/,301,false
https://blues.ru/data/albumview.aspx?cdid=1515,https://blues.ru/review/review-cold-wind-in-cleveland/,301,false
https://blues.ru/data/albumview.aspx?cdid=1516,https://blues.ru/review/review-rough-tough/,301,false
https://blues.ru/data/albumview.aspx?cdid=1517,https://blues.ru/review/review-inside-tracks/,301,false
https://blues.ru/data/albumview.aspx?cdid=1518,https://blues.ru/review/review-live-the-life/,301,false
https://blues.ru/data/albumview.aspx?cdid=1520,https://blues.ru/review/review-lonely-traveller/,301,false
https://blues.ru/data/albumview.aspx?cdid=1521,https://blues.ru/review/review-slim-s-shout/,301,false
https://blues.ru/data/albumview.aspx?cdid=1522,https://blues.ru/review/review-lights-on/,301,false
https://blues.ru/data/albumview.aspx?cdid=1523,https://blues.ru/review/review-for-the-sake-of-it/,301,false
https://blues.ru/data/albumview.aspx?cdid=1524,https://blues.ru/review/review-did-you-ever-wonder/,301,false
https://blues.ru/data/albumview.aspx?cdid=1525,https://blues.ru/review/review-first-gear/,301,false
https://blues.ru/data/albumview.aspx?cdid=1526,https://blues.ru/review/review-doctor-velvet/,301,false
https://blues.ru/data/albumview.aspx?cdid=1527,https://blues.ru/review/review-my-love-for-the-blues/,301,false
https://blues.ru/data/albumview.aspx?cdid=1528,https://blues.ru/review/review-love-me-tonight/,301,false
https://blues.ru/data/albumview.aspx?cdid=1529,https://blues.ru/review/review-rollin-stone-the-golden-anniversary-collection/,301,false
https://blues.ru/data/albumview.aspx?cdid=1531,https://blues.ru/review/review-hoochie-coochie-man-complete-chess-masters-vol-2-1952/,301,false
https://blues.ru/data/albumview.aspx?cdid=1532,https://blues.ru/review/review-midnight-man/,301,false
https://blues.ru/data/albumview.aspx?cdid=1533,https://blues.ru/review/review-the-complete-plantation-recordings/,301,false
https://blues.ru/data/albumview.aspx?cdid=1534,https://blues.ru/review/review-jazz-in-paris-aux-trois-mailletz/,301,false
https://blues.ru/data/albumview.aspx?cdid=1535,https://blues.ru/review/review-black-rock/,301,false
https://blues.ru/data/albumview.aspx?cdid=1536,https://blues.ru/review/review-cryin-time/,301,false
https://blues.ru/data/albumview.aspx?cdid=1537,https://blues.ru/review/review-shake-for-me/,301,false
https://blues.ru/data/albumview.aspx?cdid=1538,https://blues.ru/review/review-brand-new-blues/,301,false
https://blues.ru/data/albumview.aspx?cdid=1539,https://blues.ru/review/review-already-free/,301,false
https://blues.ru/data/albumview.aspx?cdid=1540,https://blues.ru/review/review-brownie-s-blues/,301,false
https://blues.ru/data/albumview.aspx?cdid=1541,https://blues.ru/review/review-peakin-at-the-beacon/,301,false
https://blues.ru/data/albumview.aspx?cdid=1542,https://blues.ru/review/review-plays-blues-ballads-favorites/,301,false
https://blues.ru/data/albumview.aspx?cdid=1543,https://blues.ru/review/review-memphis-blues/,301,false
https://blues.ru/data/albumview.aspx?cdid=1544,https://blues.ru/review/review-bingo/,301,false
https://blues.ru/data/albumview.aspx?cdid=1545,https://blues.ru/review/review-joined-at-the-hip/,301,false
https://blues.ru/data/albumview.aspx?cdid=1546,https://blues.ru/review/review-between-a-rock-and-the-blues/,301,false
https://blues.ru/data/albumview.aspx?cdid=1547,https://blues.ru/review/review-heart-of-pain/,301,false
https://blues.ru/data/albumview.aspx?cdid=1548,https://blues.ru/review/review-last-train-to-bluesville/,301,false
https://blues.ru/data/albumview.aspx?cdid=1549,https://blues.ru/review/review-eleanora-fagan-1915-1959-to-billie-with-love-from-dee/,301,false
https://blues.ru/data/albumview.aspx?cdid=1550,https://blues.ru/review/review-i-94-blues/,301,false
https://blues.ru/data/albumview.aspx?cdid=1551,https://blues.ru/review/review-try-me/,301,false
https://blues.ru/data/albumview.aspx?cdid=1552,https://blues.ru/review/review-the-leric-story/,301,false
https://blues.ru/data/albumview.aspx?cdid=1553,https://blues.ru/review/review-testify/,301,false
https://blues.ru/data/albumview.aspx?cdid=1554,https://blues.ru/review/review-out-of-our-heads-us/,301,false
https://blues.ru/data/albumview.aspx?cdid=1555,https://blues.ru/review/review-giant/,301,false
https://blues.ru/data/albumview.aspx?cdid=1556,https://blues.ru/review/review-the-well/,301,false
https://blues.ru/data/albumview.aspx?cdid=1557,https://blues.ru/review/review-clapton/,301,false
https://blues.ru/data/albumview.aspx?cdid=1558,https://blues.ru/review/review-on-the-move/,301,false
https://blues.ru/data/albumview.aspx?cdid=1559,https://blues.ru/review/review-goes-disney/,301,false
https://blues.ru/data/albumview.aspx?cdid=1560,https://blues.ru/review/review-live-in-chicago-2/,301,false
https://blues.ru/data/albumview.aspx?cdid=1561,https://blues.ru/review/review-genuine-negro-jig/,301,false
https://blues.ru/data/albumview.aspx?cdid=1562,https://blues.ru/review/review-reform-school-girl/,301,false
https://blues.ru/data/albumview.aspx?cdid=1563,https://blues.ru/review/review-louis-armstrong-plays-w-c-handy/,301,false
https://blues.ru/data/albumview.aspx?cdid=1564,https://blues.ru/review/review-man-in-motion/,301,false
https://blues.ru/data/albumview.aspx?cdid=1565,https://blues.ru/review/review-steady-as-she-goes/,301,false
https://blues.ru/data/albumview.aspx?cdid=1566,https://blues.ru/review/review-let-your-hair-down/,301,false
https://blues.ru/data/albumview.aspx?cdid=1567,https://blues.ru/review/review-feel-the-heat/,301,false
https://blues.ru/data/albumview.aspx?cdid=1568,https://blues.ru/review/review-living-proof/,301,false
https://blues.ru/data/albumview.aspx?cdid=1569,https://blues.ru/review/review-i-rest-my-case/,301,false
https://blues.ru/data/albumview.aspx?cdid=1570,https://blues.ru/review/review-dust-bowl/,301,false
https://blues.ru/data/albumview.aspx?cdid=1571,https://blues.ru/review/review-harp-soul/,301,false
https://blues.ru/data/albumview.aspx?cdid=1572,https://blues.ru/review/review-all-over-you/,301,false
https://blues.ru/data/albumview.aspx?cdid=1573,https://blues.ru/review/review-levee-town/,301,false
https://blues.ru/data/albumview.aspx?cdid=1574,https://blues.ru/review/review-desert-soul/,301,false
https://blues.ru/data/albumview.aspx?cdid=1575,https://blues.ru/review/review-spread-the-love/,301,false
https://blues.ru/data/albumview.aspx?cdid=1576,https://blues.ru/review/review-with-the-robben-ford-band/,301,false
https://blues.ru/data/albumview.aspx?cdid=1577,https://blues.ru/review/review-nine-pound-hammer/,301,false
https://blues.ru/data/albumview.aspx?cdid=1578,https://blues.ru/review/review-these-blue-nights/,301,false
https://blues.ru/data/albumview.aspx?cdid=1579,https://blues.ru/review/review-blue-one/,301,false
https://blues.ru/data/albumview.aspx?cdid=1580,https://blues.ru/review/review-have-i-got-blues-for-you/,301,false
https://blues.ru/data/albumview.aspx?cdid=1581,https://blues.ru/review/review-meet-me-where-they-play-the-blues/,301,false
https://blues.ru/data/albumview.aspx?cdid=1582,https://blues.ru/review/review-maria-muldaur-s-music-for-lovers/,301,false
https://blues.ru/data/albumview.aspx?cdid=1583,https://blues.ru/review/review-richland-woman-blues/,301,false
https://blues.ru/data/albumview.aspx?cdid=1584,https://blues.ru/review/review-sisters-and-brothers/,301,false
https://blues.ru/data/albumview.aspx?cdid=1585,https://blues.ru/review/review-steel/,301,false
https://blues.ru/data/albumview.aspx?cdid=1586,https://blues.ru/review/review-honky-tonkin/,301,false
https://blues.ru/data/albumview.aspx?cdid=1587,https://blues.ru/review/review-background-in-the-blues/,301,false
https://blues.ru/data/albumview.aspx?cdid=1588,https://blues.ru/review/review-love-union-peace/,301,false
https://blues.ru/data/albumview.aspx?cdid=1589,https://blues.ru/review/review-nothing-but-the-truth/,301,false
https://blues.ru/data/albumview.aspx?cdid=1590,https://blues.ru/review/review-whiskey-store-live/,301,false
https://blues.ru/data/albumview.aspx?cdid=1591,https://blues.ru/review/review-drive-to-survive/,301,false
https://blues.ru/data/albumview.aspx?cdid=1592,https://blues.ru/review/review-guitar/,301,false
https://blues.ru/data/albumview.aspx?cdid=1593,https://blues.ru/review/review-sinner-street/,301,false
https://blues.ru/data/albumview.aspx?cdid=1594,https://blues.ru/review/review-that-s-it/,301,false
https://blues.ru/data/albumview.aspx?cdid=1595,https://blues.ru/review/review-howling-at-the-moon/,301,false
https://blues.ru/data/albumview.aspx?cdid=1596,https://blues.ru/review/review-blues-had-a-baby/,301,false
https://blues.ru/data/albumview.aspx?cdid=1597,https://blues.ru/review/review-gotta-mind-to-travel/,301,false
https://blues.ru/data/albumview.aspx?cdid=1598,https://blues.ru/review/review-ya-think-i-d-know-better/,301,false
https://blues.ru/data/albumview.aspx?cdid=1599,https://blues.ru/review/review-can-t-look-back/,301,false
https://blues.ru/data/albumview.aspx?cdid=1600,https://blues.ru/review/review-i-want-it-all-back/,301,false
https://blues.ru/data/albumview.aspx?cdid=1601,https://blues.ru/review/review-suspicion/,301,false
https://blues.ru/data/albumview.aspx?cdid=1602,https://blues.ru/review/review-stone-the-crows/,301,false
https://blues.ru/data/albumview.aspx?cdid=1603,https://blues.ru/review/review-ode-to-john-law/,301,false
https://blues.ru/data/albumview.aspx?cdid=1604,https://blues.ru/review/review-teenage-licks/,301,false
https://blues.ru/data/albumview.aspx?cdid=1605,https://blues.ru/review/review-ontinuous-performance/,301,false
https://blues.ru/data/albumview.aspx?cdid=1606,https://blues.ru/review/review-queen-of-the-night/,301,false
https://blues.ru/data/albumview.aspx?cdid=1607,https://blues.ru/review/review-suicide-sal/,301,false
https://blues.ru/data/albumview.aspx?cdid=1608,https://blues.ru/review/review-open-all-nite/,301,false
https://blues.ru/data/albumview.aspx?cdid=1609,https://blues.ru/review/review-american-landscape/,301,false
https://blues.ru/data/albumview.aspx?cdid=1610,https://blues.ru/review/review-trouble/,301,false
https://blues.ru/data/albumview.aspx?cdid=1611,https://blues.ru/review/review-ragin-river/,301,false
https://blues.ru/data/albumview.aspx?cdid=1612,https://blues.ru/review/review-world-of-blues/,301,false
https://blues.ru/data/albumview.aspx?cdid=1613,https://blues.ru/review/review-crawfish-lady/,301,false
https://blues.ru/data/albumview.aspx?cdid=1614,https://blues.ru/review/review-in-all-of-my-life/,301,false
https://blues.ru/data/albumview.aspx?cdid=1615,https://blues.ru/review/review-bless-my-axe/,301,false
https://blues.ru/data/albumview.aspx?cdid=1616,https://blues.ru/review/review-one-night-in-america/,301,false
https://blues.ru/data/albumview.aspx?cdid=1617,https://blues.ru/review/review-sanctuary/,301,false
https://blues.ru/data/albumview.aspx?cdid=1618,https://blues.ru/review/review-passport-to-the-blues/,301,false
https://blues.ru/data/albumview.aspx?cdid=1619,https://blues.ru/review/review-stomp-the-blues-tonight/,301,false
https://blues.ru/data/albumview.aspx?cdid=1620,https://blues.ru/review/review-palette-bleue/,301,false
https://blues.ru/data/albumview.aspx?cdid=1621,https://blues.ru/review/review-life-in-the-jungle/,301,false
https://blues.ru/data/albumview.aspx?cdid=1622,https://blues.ru/review/review-prisoner-of-a-dream/,301,false
https://blues.ru/data/albumview.aspx?cdid=1623,https://blues.ru/review/review-live-no-more-fish-jokes/,301,false
https://blues.ru/data/albumview.aspx?cdid=1624,https://blues.ru/review/review-transition/,301,false
https://blues.ru/data/albumview.aspx?cdid=1625,https://blues.ru/review/review-tellin-stories/,301,false
https://blues.ru/data/albumview.aspx?cdid=1626,https://blues.ru/review/review-breaking-the-rules/,301,false
https://blues.ru/data/albumview.aspx?cdid=1627,https://blues.ru/review/review-positively-beale-street/,301,false
https://blues.ru/data/albumview.aspx?cdid=1628,https://blues.ru/review/review-walter-trout/,301,false
https://blues.ru/data/albumview.aspx?cdid=1629,https://blues.ru/review/review-livin-every-day/,301,false
https://blues.ru/data/albumview.aspx?cdid=1630,https://blues.ru/review/review-face-the-music/,301,false
https://blues.ru/data/albumview.aspx?cdid=1631,https://blues.ru/review/review-go-the-distance/,301,false
https://blues.ru/data/albumview.aspx?cdid=1632,https://blues.ru/review/review-live-trout-at-tampa-bay-blues-fest-march-2000/,301,false
https://blues.ru/data/albumview.aspx?cdid=1633,https://blues.ru/review/review-full-circle/,301,false
https://blues.ru/data/albumview.aspx?cdid=1634,https://blues.ru/review/review-hardcore/,301,false
https://blues.ru/data/albumview.aspx?cdid=1635,https://blues.ru/review/review-the-outsider/,301,false
https://blues.ru/data/albumview.aspx?cdid=1636,https://blues.ru/review/review-unspoiled-by-progress/,301,false
https://blues.ru/data/albumview.aspx?cdid=1637,https://blues.ru/review/review-common-ground/,301,false
https://blues.ru/data/albumview.aspx?cdid=1638,https://blues.ru/review/review-medicine/,301,false
https://blues.ru/data/albumview.aspx?cdid=1639,https://blues.ru/review/review-homesick-for-the-road/,301,false
https://blues.ru/data/albumview.aspx?cdid=1640,https://blues.ru/review/review-night-train-to-nashville/,301,false
https://blues.ru/data/albumview.aspx?cdid=1641,https://blues.ru/review/review-tough/,301,false
https://blues.ru/data/albumview.aspx?cdid=1642,https://blues.ru/review/review-hard-believer/,301,false
https://blues.ru/data/albumview.aspx?cdid=1643,https://blues.ru/review/review-essential-tommy-castro/,301,false
https://blues.ru/data/albumview.aspx?cdid=1644,https://blues.ru/review/review-soul-shaker/,301,false
https://blues.ru/data/albumview.aspx?cdid=1645,https://blues.ru/review/review-surrounded-by-love/,301,false
https://blues.ru/data/albumview.aspx?cdid=1646,https://blues.ru/review/review-deep-blues/,301,false
https://blues.ru/data/albumview.aspx?cdid=1647,https://blues.ru/review/review-soul-searching/,301,false
https://blues.ru/data/albumview.aspx?cdid=1648,https://blues.ru/review/review-language-of-the-soul/,301,false
https://blues.ru/data/albumview.aspx?cdid=1649,https://blues.ru/review/review-living-in-the-light/,301,false
https://blues.ru/data/albumview.aspx?cdid=1650,https://blues.ru/review/review-the-colour-of-love/,301,false
https://blues.ru/data/albumview.aspx?cdid=1651,https://blues.ru/review/review-grateful-heart-blues-ballads/,301,false
https://blues.ru/data/albumview.aspx?cdid=1652,https://blues.ru/review/review-eye-to-eye/,301,false
https://blues.ru/data/albumview.aspx?cdid=1653,https://blues.ru/review/review-blues-union/,301,false
https://blues.ru/data/albumview.aspx?cdid=1654,https://blues.ru/review/review-two-nights-only/,301,false
https://blues.ru/data/albumview.aspx?cdid=1655,https://blues.ru/review/review-public-relations/,301,false
https://blues.ru/data/albumview.aspx?cdid=1656,https://blues.ru/review/review-so-what/,301,false
https://blues.ru/data/albumview.aspx?cdid=1657,https://blues.ru/review/review-more-blues-ballads-assorted-love-songs/,301,false
https://blues.ru/data/albumview.aspx?cdid=1658,https://blues.ru/review/review-blues-ballads-assorted-love-songs/,301,false
https://blues.ru/data/albumview.aspx?cdid=1659,https://blues.ru/review/review-o-town-grooves/,301,false
https://blues.ru/data/albumview.aspx?cdid=1660,https://blues.ru/review/review-vintage/,301,false
https://blues.ru/data/albumview.aspx?cdid=1661,https://blues.ru/review/review-the-quiet-side-of-blues-company/,301,false
https://blues.ru/data/albumview.aspx?cdid=1662,https://blues.ru/review/review-keepin-the-blues-alive/,301,false
https://blues.ru/data/albumview.aspx?cdid=1663,https://blues.ru/review/review-from-daybreak-to-heartbreak/,301,false
https://blues.ru/data/albumview.aspx?cdid=1664,https://blues.ru/review/review-damn-let-s-jam/,301,false
https://blues.ru/data/albumview.aspx?cdid=1665,https://blues.ru/review/review-hot-and-ready-to-serve/,301,false
https://blues.ru/data/albumview.aspx?cdid=1666,https://blues.ru/review/review-invitation-to-the-blues/,301,false
https://blues.ru/data/albumview.aspx?cdid=1667,https://blues.ru/review/review-call-the-cops/,301,false
https://blues.ru/data/albumview.aspx?cdid=1668,https://blues.ru/review/review-cuttin-in/,301,false
https://blues.ru/data/albumview.aspx?cdid=1669,https://blues.ru/review/review-sean-costello/,301,false
https://blues.ru/data/albumview.aspx?cdid=1670,https://blues.ru/review/review-mississippi-moan/,301,false
https://blues.ru/data/albumview.aspx?cdid=1671,https://blues.ru/review/review-a-deeper-blue/,301,false
https://blues.ru/data/albumview.aspx?cdid=1672,https://blues.ru/review/review-live-at-the-knickerbocker-2/,301,false
https://blues.ru/data/albumview.aspx?cdid=1673,https://blues.ru/review/review-outward-bound/,301,false
https://blues.ru/data/albumview.aspx?cdid=1674,https://blues.ru/review/review-the-road-we-re-on/,301,false
https://blues.ru/data/albumview.aspx?cdid=1675,https://blues.ru/review/review-black-power/,301,false
https://blues.ru/data/albumview.aspx?cdid=1676,https://blues.ru/review/review-sometimes-the-truth/,301,false
https://blues.ru/data/albumview.aspx?cdid=1677,https://blues.ru/review/review-the-plumber/,301,false
https://blues.ru/data/albumview.aspx?cdid=1678,https://blues.ru/review/review-working-overtime/,301,false
https://blues.ru/data/albumview.aspx?cdid=1679,https://blues.ru/review/review-steel-on-steel/,301,false
https://blues.ru/data/albumview.aspx?cdid=1680,https://blues.ru/review/review-ticket-to-chicago/,301,false
https://blues.ru/data/albumview.aspx?cdid=1681,https://blues.ru/review/review-under-the-spell/,301,false
https://blues.ru/data/albumview.aspx?cdid=1682,https://blues.ru/review/review-outside-looking-in/,301,false
https://blues.ru/data/albumview.aspx?cdid=1683,https://blues.ru/review/review-rough-diamond/,301,false
https://blues.ru/data/albumview.aspx?cdid=1684,https://blues.ru/review/review-back-to-bogalusa/,301,false
https://blues.ru/data/albumview.aspx?cdid=1686,https://blues.ru/review/review-no-looking-back/,301,false
https://blues.ru/data/albumview.aspx?cdid=1687,https://blues.ru/review/review-pressure-cooker/,301,false
https://blues.ru/data/albumview.aspx?cdid=1688,https://blues.ru/review/review-american-music-texas-style/,301,false
https://blues.ru/data/albumview.aspx?cdid=1689,https://blues.ru/review/review-love-wants-to-dance/,301,false
https://blues.ru/data/albumview.aspx?cdid=1690,https://blues.ru/review/review-hook-line-sinker/,301,false
https://blues.ru/data/albumview.aspx?cdid=1691,https://blues.ru/review/review-live-at-lupo-s-heartbreak-hotel/,301,false
https://blues.ru/data/albumview.aspx?cdid=1692,https://blues.ru/review/review-dressed-up-to-get-messed-up/,301,false
https://blues.ru/data/albumview.aspx?cdid=1693,https://blues.ru/review/review-dance-all-night-2/,301,false
https://blues.ru/data/albumview.aspx?cdid=1694,https://blues.ru/review/review-hot-little-mama/,301,false
https://blues.ru/data/albumview.aspx?cdid=1695,https://blues.ru/review/review-the-first-album/,301,false
https://blues.ru/data/albumview.aspx?cdid=1696,https://blues.ru/review/review-glazed/,301,false
https://blues.ru/data/albumview.aspx?cdid=1697,https://blues.ru/review/review-watch-you-when-you-go/,301,false
https://blues.ru/data/albumview.aspx?cdid=1698,https://blues.ru/review/review-there-goes-the-neighborhood/,301,false
https://blues.ru/data/albumview.aspx?cdid=1699,https://blues.ru/review/review-turn-it-on-turn-it-up/,301,false
https://blues.ru/data/albumview.aspx?cdid=1700,https://blues.ru/review/review-red-lights/,301,false
https://blues.ru/data/albumview.aspx?cdid=1701,https://blues.ru/review/review-acid-blue/,301,false
https://blues.ru/data/albumview.aspx?cdid=1702,https://blues.ru/review/review-heavy-juice/,301,false
https://blues.ru/data/albumview.aspx?cdid=1703,https://blues.ru/review/review-no-we-ain-t-from-clarksdale/,301,false
https://blues.ru/data/albumview.aspx?cdid=1704,https://blues.ru/review/review-south-to-mississippi/,301,false
https://blues.ru/data/albumview.aspx?cdid=1705,https://blues.ru/review/review-delta-vision/,301,false
https://blues.ru/data/albumview.aspx?cdid=1706,https://blues.ru/review/review-five-moons/,301,false
https://blues.ru/data/albumview.aspx?cdid=1707,https://blues.ru/review/review-where-the-action-is/,301,false
https://blues.ru/data/albumview.aspx?cdid=1708,https://blues.ru/review/review-without-a-warning/,301,false
https://blues.ru/data/albumview.aspx?cdid=1709,https://blues.ru/review/review-change/,301,false
https://blues.ru/data/albumview.aspx?cdid=1710,https://blues.ru/review/review-new-used-car/,301,false
https://blues.ru/data/albumview.aspx?cdid=1711,https://blues.ru/review/review-live-from-nowhere-in-particular/,301,false
https://blues.ru/data/albumview.aspx?cdid=1712,https://blues.ru/review/review-sloe-gin/,301,false
https://blues.ru/data/albumview.aspx?cdid=1713,https://blues.ru/review/review-you-me/,301,false
https://blues.ru/data/albumview.aspx?cdid=1714,https://blues.ru/review/review-wicked/,301,false
https://blues.ru/data/albumview.aspx?cdid=1715,https://blues.ru/review/review-melvin-taylor-the-slack-band/,301,false
https://blues.ru/data/albumview.aspx?cdid=1716,https://blues.ru/review/review-dirty-pool/,301,false
https://blues.ru/data/albumview.aspx?cdid=1717,https://blues.ru/review/review-bang-that-bell/,301,false
https://blues.ru/data/albumview.aspx?cdid=1718,https://blues.ru/review/review-blues-on-the-run/,301,false
https://blues.ru/data/albumview.aspx?cdid=1719,https://blues.ru/review/review-plays-the-blues-for-you/,301,false
https://blues.ru/data/albumview.aspx?cdid=1720,https://blues.ru/review/review-clear-blue-flame/,301,false
https://blues.ru/data/albumview.aspx?cdid=1721,https://blues.ru/review/review-hell-bound-train/,301,false
https://blues.ru/data/albumview.aspx?cdid=1722,https://blues.ru/review/review-devil-is-an-angel-too/,301,false
https://blues.ru/data/albumview.aspx?cdid=1723,https://blues.ru/review/review-queen-of-the-blues/,301,false
https://blues.ru/data/albumview.aspx?cdid=1724,https://blues.ru/review/review-royal-blue/,301,false
https://blues.ru/data/albumview.aspx?cdid=1725,https://blues.ru/review/review-force-of-nature/,301,false
https://blues.ru/data/albumview.aspx?cdid=1726,https://blues.ru/review/review-old-friend/,301,false
https://blues.ru/data/albumview.aspx?cdid=1727,https://blues.ru/review/review-boogie-man/,301,false
https://blues.ru/data/albumview.aspx?cdid=1728,https://blues.ru/review/review-swingland/,301,false
https://blues.ru/data/albumview.aspx?cdid=1729,https://blues.ru/review/review-wall-of-pride/,301,false
https://blues.ru/data/albumview.aspx?cdid=1730,https://blues.ru/review/review-world-wide-open/,301,false
https://blues.ru/data/albumview.aspx?cdid=1731,https://blues.ru/review/review-unfinished-business/,301,false
https://blues.ru/data/albumview.aspx?cdid=1732,https://blues.ru/review/review-experienced/,301,false
https://blues.ru/data/albumview.aspx?cdid=1733,https://blues.ru/review/review-eyes-of-a-woman/,301,false
https://blues.ru/data/albumview.aspx?cdid=1734,https://blues.ru/review/review-sending-me-angels/,301,false
https://blues.ru/data/albumview.aspx?cdid=1735,https://blues.ru/review/review-keepin-the-blues-alive-2/,301,false
https://blues.ru/data/albumview.aspx?cdid=1736,https://blues.ru/review/review-red-hot-n-blue/,301,false
https://blues.ru/data/albumview.aspx?cdid=1737,https://blues.ru/review/review-texas-tango/,301,false
https://blues.ru/data/albumview.aspx?cdid=1738,https://blues.ru/review/review-hold-me-to-it/,301,false
https://blues.ru/data/albumview.aspx?cdid=1739,https://blues.ru/review/review-all-star-blues-jam/,301,false
https://blues.ru/data/albumview.aspx?cdid=1740,https://blues.ru/review/review-in-north-carolina/,301,false
https://blues.ru/data/albumview.aspx?cdid=1741,https://blues.ru/review/review-my-blues-my-guitar/,301,false
https://blues.ru/data/albumview.aspx?cdid=1742,https://blues.ru/review/review-up-in/,301,false
https://blues.ru/data/albumview.aspx?cdid=1743,https://blues.ru/review/review-blues-is-my-wailin-wall/,301,false
https://blues.ru/data/albumview.aspx?cdid=1744,https://blues.ru/review/review-dispatches-from-the-moon/,301,false
https://blues.ru/data/albumview.aspx?cdid=1745,https://blues.ru/review/review-escape-from-the-chicken-coop/,301,false
https://blues.ru/data/albumview.aspx?cdid=1746,https://blues.ru/review/review-ringers/,301,false
https://blues.ru/data/albumview.aspx?cdid=1747,https://blues.ru/review/review-where-blue-begins/,301,false
https://blues.ru/data/albumview.aspx?cdid=1748,https://blues.ru/review/review-livin-on-love/,301,false
https://blues.ru/data/albumview.aspx?cdid=1749,https://blues.ru/review/review-stop-the-game/,301,false
https://blues.ru/data/albumview.aspx?cdid=1750,https://blues.ru/review/review-bite-me/,301,false
https://blues.ru/data/albumview.aspx?cdid=1751,https://blues.ru/review/review-have-blues-will-travel/,301,false
https://blues.ru/data/albumview.aspx?cdid=1752,https://blues.ru/review/review-show-me-the-money/,301,false
https://blues.ru/data/albumview.aspx?cdid=1753,https://blues.ru/review/review-chain-smokin-texas-style/,301,false
https://blues.ru/data/albumview.aspx?cdid=1754,https://blues.ru/review/review-roadhouse-research/,301,false
https://blues.ru/data/albumview.aspx?cdid=1755,https://blues.ru/review/review-take-your-best-shot/,301,false
https://blues.ru/data/albumview.aspx?cdid=1756,https://blues.ru/review/review-steppin-out-texas-style/,301,false
https://blues.ru/data/albumview.aspx?cdid=1757,https://blues.ru/review/review-served-up-texas-style-the-best-of/,301,false
https://blues.ru/data/albumview.aspx?cdid=1758,https://blues.ru/review/review-all-i-found/,301,false
https://blues.ru/data/albumview.aspx?cdid=1759,https://blues.ru/review/review-blues-blast/,301,false
https://blues.ru/data/albumview.aspx?cdid=1760,https://blues.ru/review/review-burnside-on-burnside/,301,false
https://blues.ru/data/albumview.aspx?cdid=1761,https://blues.ru/review/review-i-m-on-a-roll/,301,false
https://blues.ru/data/albumview.aspx?cdid=1762,https://blues.ru/review/review-big-news-from-baton-rouge/,301,false
https://blues.ru/data/albumview.aspx?cdid=1763,https://blues.ru/review/review-blues-fallin-down-like-rain/,301,false
https://blues.ru/data/albumview.aspx?cdid=1764,https://blues.ru/review/review-what-you-got/,301,false
https://blues.ru/data/albumview.aspx?cdid=1765,https://blues.ru/review/review-the-very-best-of-j-j-cale/,301,false
https://blues.ru/data/albumview.aspx?cdid=1766,https://blues.ru/review/review-best-of-the-blues-band/,301,false
https://blues.ru/data/albumview.aspx?cdid=1767,https://blues.ru/review/review-lonely-street/,301,false
https://blues.ru/data/albumview.aspx?cdid=1768,https://blues.ru/review/review-soul-of-a-man-3/,301,false
https://blues.ru/data/albumview.aspx?cdid=1769,https://blues.ru/review/review-koko-s-hideaway/,301,false
https://blues.ru/data/albumview.aspx?cdid=1770,https://blues.ru/review/review-texas-jukin/,301,false
https://blues.ru/data/albumview.aspx?cdid=1771,https://blues.ru/review/review-soulful-dress/,301,false
https://blues.ru/data/albumview.aspx?cdid=1772,https://blues.ru/review/review-gatorhythms/,301,false
https://blues.ru/data/albumview.aspx?cdid=1773,https://blues.ru/review/review-presumed-innocent/,301,false
https://blues.ru/data/albumview.aspx?cdid=1774,https://blues.ru/review/review-keepin-it-real/,301,false
https://blues.ru/data/albumview.aspx?cdid=1775,https://blues.ru/review/review-here-now/,301,false
https://blues.ru/data/albumview.aspx?cdid=1776,https://blues.ru/review/review-harpburn/,301,false
https://blues.ru/data/albumview.aspx?cdid=1777,https://blues.ru/review/review-luther-tucker-ford-blues-band/,301,false
https://blues.ru/data/albumview.aspx?cdid=1778,https://blues.ru/review/review-slidedance/,301,false
https://blues.ru/data/albumview.aspx?cdid=1779,https://blues.ru/review/review-second-mind/,301,false
https://blues.ru/data/albumview.aspx?cdid=1780,https://blues.ru/review/review-king-guitar/,301,false
https://blues.ru/data/albumview.aspx?cdid=1781,https://blues.ru/review/review-cuttin-loose/,301,false
https://blues.ru/data/albumview.aspx?cdid=1782,https://blues.ru/review/review-late-night-city-blues/,301,false
https://blues.ru/data/albumview.aspx?cdid=1783,https://blues.ru/review/review-ec-was-here/,301,false
https://blues.ru/data/albumview.aspx?cdid=1784,https://blues.ru/review/review-hard-knocks/,301,false
https://blues.ru/data/albumview.aspx?cdid=1785,https://blues.ru/review/review-organic/,301,false
https://blues.ru/data/albumview.aspx?cdid=1786,https://blues.ru/review/review-ultimate-collection-1968-2003/,301,false
https://blues.ru/data/albumview.aspx?cdid=1787,https://blues.ru/review/review-it-s-the-blues/,301,false
https://blues.ru/data/albumview.aspx?cdid=1788,https://blues.ru/review/review-all-the-way-crazy/,301,false
https://blues.ru/data/albumview.aspx?cdid=1789,https://blues.ru/review/review-disturbing-the-peace/,301,false
https://blues.ru/data/albumview.aspx?cdid=1790,https://blues.ru/review/review-raising-the-bar/,301,false
https://blues.ru/data/albumview.aspx?cdid=1791,https://blues.ru/review/review-black-tornado/,301,false
https://blues.ru/data/albumview.aspx?cdid=1792,https://blues.ru/review/review-midnight-blues/,301,false
https://blues.ru/data/albumview.aspx?cdid=1793,https://blues.ru/review/review-snakebite/,301,false
https://blues.ru/data/albumview.aspx?cdid=1794,https://blues.ru/review/review-essential-magic-slim/,301,false
https://blues.ru/data/albumview.aspx?cdid=1795,https://blues.ru/review/review-blues-l-a-blues-authority-ii/,301,false
https://blues.ru/data/albumview.aspx?cdid=1796,https://blues.ru/review/review-high-tide/,301,false
https://blues.ru/data/albumview.aspx?cdid=1797,https://blues.ru/review/review-the-beatles-in-blues/,301,false
https://blues.ru/data/albumview.aspx?cdid=1798,https://blues.ru/review/review-the-box-set/,301,false
https://blues.ru/data/albumview.aspx?cdid=1799,https://blues.ru/review/review-superstitious/,301,false
https://blues.ru/data/albumview.aspx?cdid=1800,https://blues.ru/review/review-east-monroe/,301,false
https://blues.ru/data/albumview.aspx?cdid=1801,https://blues.ru/review/review-tail-dragger/,301,false
https://blues.ru/data/albumview.aspx?cdid=1802,https://blues.ru/review/review-tuff-enuff/,301,false
https://blues.ru/data/albumview.aspx?cdid=1803,https://blues.ru/review/review-white-trash-girl/,301,false
https://blues.ru/data/albumview.aspx?cdid=1804,https://blues.ru/review/review-superhero/,301,false
https://blues.ru/data/albumview.aspx?cdid=1805,https://blues.ru/review/review-breninale-92-live-at/,301,false
https://blues.ru/data/albumview.aspx?cdid=1806,https://blues.ru/review/review-in-memory-of-michael-bloomfield/,301,false
https://blues.ru/data/albumview.aspx?cdid=1807,https://blues.ru/review/review-blues-dragon/,301,false
https://blues.ru/data/albumview.aspx?cdid=1808,https://blues.ru/review/review-2120-south-michigan-ave/,301,false
https://blues.ru/data/albumview.aspx?cdid=1809,https://blues.ru/review/review-blues-come-home-to-roost/,301,false
https://blues.ru/data/albumview.aspx?cdid=1810,https://blues.ru/review/review-i-m-wanted/,301,false
https://blues.ru/data/albumview.aspx?cdid=1811,https://blues.ru/review/review-anthology/,301,false
https://blues.ru/data/albumview.aspx?cdid=1812,https://blues.ru/review/review-get-closer/,301,false
https://blues.ru/data/albumview.aspx?cdid=1813,https://blues.ru/review/review-big-electric-cream-jam/,301,false
https://blues.ru/data/albumview.aspx?cdid=1814,https://blues.ru/review/review-daylight-at-midnight/,301,false
https://blues.ru/data/albumview.aspx?cdid=1815,https://blues.ru/review/review-heart-of-gold/,301,false
https://blues.ru/data/albumview.aspx?cdid=1816,https://blues.ru/review/review-deep-in-the-heart/,301,false
https://blues.ru/data/albumview.aspx?cdid=1817,https://blues.ru/review/review-universal-masters-collection/,301,false
https://blues.ru/data/albumview.aspx?cdid=1818,https://blues.ru/review/review-smokehouse-sessions/,301,false
https://blues.ru/data/albumview.aspx?cdid=1819,https://blues.ru/review/review-smokehouse-sessions-2/,301,false
https://blues.ru/data/albumview.aspx?cdid=1820,https://blues.ru/review/review-black-white-blues-2/,301,false
https://blues.ru/data/albumview.aspx?cdid=1821,https://blues.ru/review/review-eric-burdon-declares-war/,301,false
https://blues.ru/data/albumview.aspx?cdid=1822,https://blues.ru/review/review-sun-secrets-stop/,301,false
https://blues.ru/data/albumview.aspx?cdid=1823,https://blues.ru/review/review-my-secret-life/,301,false
https://blues.ru/data/albumview.aspx?cdid=1824,https://blues.ru/review/review-athens-traffic-live/,301,false
https://blues.ru/data/albumview.aspx?cdid=1825,https://blues.ru/review/review-last-train-home/,301,false
https://blues.ru/data/albumview.aspx?cdid=1826,https://blues.ru/review/review-soul-survivor-the-best-of/,301,false
https://blues.ru/data/albumview.aspx?cdid=1827,https://blues.ru/review/review-keep-on-movin/,301,false
https://blues.ru/data/albumview.aspx?cdid=1828,https://blues.ru/review/review-one-more-bridge-to-cross/,301,false
https://blues.ru/data/albumview.aspx?cdid=1829,https://blues.ru/review/review-ledbetter-heights/,301,false
https://blues.ru/data/albumview.aspx?cdid=1830,https://blues.ru/review/review-katrina-was-her-name/,301,false
https://blues.ru/data/albumview.aspx?cdid=1831,https://blues.ru/review/review-alligator-records-40th-anniversary/,301,false
https://blues.ru/data/albumview.aspx?cdid=1832,https://blues.ru/review/review-hush/,301,false
https://blues.ru/data/albumview.aspx?cdid=1833,https://blues.ru/review/review-comfort-to-the-soul/,301,false
https://blues.ru/data/albumview.aspx?cdid=1834,https://blues.ru/review/review-still-making-history/,301,false
https://blues.ru/data/albumview.aspx?cdid=1835,https://blues.ru/review/review-have-mercy/,301,false
https://blues.ru/data/albumview.aspx?cdid=1836,https://blues.ru/review/review-larger-than-life/,301,false
https://blues.ru/data/albumview.aspx?cdid=1837,https://blues.ru/review/review-once-upon-the-blues/,301,false
https://blues.ru/data/albumview.aspx?cdid=1838,https://blues.ru/review/review-you-need-to-live-a-little/,301,false
https://blues.ru/data/albumview.aspx?cdid=1839,https://blues.ru/review/review-eric-burdon-story-the-gold-collection/,301,false
https://blues.ru/data/albumview.aspx?cdid=1840,https://blues.ru/review/review-blue-highway/,301,false
https://blues.ru/data/albumview.aspx?cdid=1841,https://blues.ru/review/review-2010-db/,301,false
https://blues.ru/data/albumview.aspx?cdid=1842,https://blues.ru/review/review-ironyard-revisited/,301,false
https://blues.ru/data/albumview.aspx?cdid=1843,https://blues.ru/review/review-live-at-the-knickerbocker/,301,false
https://blues.ru/data/albumview.aspx?cdid=1844,https://blues.ru/review/review-dj-play-my-blues/,301,false
https://blues.ru/data/albumview.aspx?cdid=1845,https://blues.ru/review/review-drinkin-tnt-smokin-dynamite/,301,false
https://blues.ru/data/albumview.aspx?cdid=1846,https://blues.ru/review/review-remember/,301,false
https://blues.ru/data/albumview.aspx?cdid=1847,https://blues.ru/review/review-the-very-best-of-the-jeff-healey-band/,301,false
https://blues.ru/data/albumview.aspx?cdid=1848,https://blues.ru/review/review-folkfunk/,301,false
https://blues.ru/data/albumview.aspx?cdid=1849,https://blues.ru/review/review-in-the-mood/,301,false
https://blues.ru/data/albumview.aspx?cdid=1850,https://blues.ru/review/review-37-days/,301,false
https://blues.ru/data/albumview.aspx?cdid=1851,https://blues.ru/review/review-brought-up-the-hard-way/,301,false
https://blues.ru/data/albumview.aspx?cdid=1852,https://blues.ru/review/review-good-luck-man/,301,false
https://blues.ru/data/albumview.aspx?cdid=1853,https://blues.ru/review/review-deep-down/,301,false
https://blues.ru/data/albumview.aspx?cdid=1854,https://blues.ru/review/review-harp-attack/,301,false
https://blues.ru/data/albumview.aspx?cdid=1855,https://blues.ru/review/review-singled-out/,301,false
https://blues.ru/data/albumview.aspx?cdid=1856,https://blues.ru/review/review-repeat-prescription/,301,false
https://blues.ru/data/albumview.aspx?cdid=1857,https://blues.ru/review/review-bird-of-paradise-an-anthology/,301,false
https://blues.ru/data/albumview.aspx?cdid=1858,https://blues.ru/review/review-play-by-the-rules/,301,false
https://blues.ru/data/albumview.aspx?cdid=1859,https://blues.ru/review/review-matriarch-of-the-blues/,301,false
https://blues.ru/data/albumview.aspx?cdid=1860,https://blues.ru/review/review-peace-machine/,301,false
https://blues.ru/data/albumview.aspx?cdid=1861,https://blues.ru/review/review-doin-alright/,301,false
https://blues.ru/data/albumview.aspx?cdid=1862,https://blues.ru/review/review-blues-disease/,301,false
https://blues.ru/data/albumview.aspx?cdid=1863,https://blues.ru/review/review-7-8-9-10-out/,301,false
https://blues.ru/data/albumview.aspx?cdid=1864,https://blues.ru/review/review-rock-solid-essential-collection/,301,false
https://blues.ru/data/albumview.aspx?cdid=1865,https://blues.ru/review/review-essential/,301,false
https://blues.ru/data/albumview.aspx?cdid=1866,https://blues.ru/review/review-blue-skies-the-best-of-muddy-waters/,301,false
https://blues.ru/data/albumview.aspx?cdid=1867,https://blues.ru/review/review-bread-and-buddha/,301,false
https://blues.ru/data/albumview.aspx?cdid=1868,https://blues.ru/review/review-too-hot-for-snakes/,301,false
https://blues.ru/data/albumview.aspx?cdid=1869,https://blues.ru/review/review-blues-for-the-modern-daze/,301,false
https://blues.ru/data/albumview.aspx?cdid=1870,https://blues.ru/review/review-speculatin/,301,false
https://blues.ru/data/albumview.aspx?cdid=1871,https://blues.ru/review/review-beg-borrow-steel/,301,false
https://blues.ru/data/albumview.aspx?cdid=1872,https://blues.ru/review/review-see-that-my-grave-is-kept-clean/,301,false
https://blues.ru/data/albumview.aspx?cdid=1873,https://blues.ru/review/review-the-hand-you-re-dealt/,301,false
https://blues.ru/data/albumview.aspx?cdid=1874,https://blues.ru/review/review-original-soundtrack/,301,false
https://blues.ru/data/albumview.aspx?cdid=1875,https://blues.ru/review/review-blood-run-hot/,301,false
https://blues.ru/data/albumview.aspx?cdid=1876,https://blues.ru/review/review-good-times-guaranteed/,301,false
https://blues.ru/data/albumview.aspx?cdid=1877,https://blues.ru/review/review-the-fight-is-on/,301,false
https://blues.ru/data/albumview.aspx?cdid=1878,https://blues.ru/review/review-paint-it-blue-songs-of-the-rolling-stones/,301,false
https://blues.ru/data/albumview.aspx?cdid=1879,https://blues.ru/review/review-shoulda-been-home/,301,false
https://blues.ru/data/albumview.aspx?cdid=1880,https://blues.ru/review/review-the-blues-a-real-summit-meeting-recorded-live-at-newp/,301,false
https://blues.ru/data/albumview.aspx?cdid=1881,https://blues.ru/review/review-let-it-burn/,301,false
https://blues.ru/data/albumview.aspx?cdid=1882,https://blues.ru/review/review-nothing-but-the-blues/,301,false
https://blues.ru/data/albumview.aspx?cdid=1883,https://blues.ru/review/review-live-at-music-city-texas/,301,false
https://blues.ru/data/albumview.aspx?cdid=1884,https://blues.ru/review/review-sunset-heights/,301,false
https://blues.ru/data/albumview.aspx?cdid=1885,https://blues.ru/review/review-sadie-mae/,301,false
https://blues.ru/data/albumview.aspx?cdid=1886,https://blues.ru/review/review-don-t-know-nothing-about-love/,301,false
https://blues.ru/data/albumview.aspx?cdid=1887,https://blues.ru/review/review-love-scars/,301,false
https://blues.ru/data/albumview.aspx?cdid=1888,https://blues.ru/review/review-messing-with-the-kid/,301,false
https://blues.ru/data/albumview.aspx?cdid=1889,https://blues.ru/review/review-bloodline/,301,false
https://blues.ru/data/albumview.aspx?cdid=1890,https://blues.ru/review/review-blues-as-blues-can-get/,301,false
https://blues.ru/data/albumview.aspx?cdid=1891,https://blues.ru/review/review-hallelujah-motherfuckers-live/,301,false
https://blues.ru/data/albumview.aspx?cdid=1892,https://blues.ru/review/review-let-s-get-loose/,301,false
https://blues.ru/data/albumview.aspx?cdid=1893,https://blues.ru/review/review-big-girl-blues/,301,false
https://blues.ru/data/albumview.aspx?cdid=1894,https://blues.ru/review/review-live-in-chicago/,301,false
https://blues.ru/data/albumview.aspx?cdid=1895,https://blues.ru/review/review-pay-it-forward/,301,false
https://blues.ru/data/albumview.aspx?cdid=1896,https://blues.ru/review/review-soul-fixin-man/,301,false
https://blues.ru/data/albumview.aspx?cdid=1897,https://blues.ru/review/review-blue-streak/,301,false
https://blues.ru/data/albumview.aspx?cdid=1898,https://blues.ru/review/review-speak-no-evil/,301,false
https://blues.ru/data/albumview.aspx?cdid=1899,https://blues.ru/review/review-trouble-time/,301,false
https://blues.ru/data/albumview.aspx?cdid=1900,https://blues.ru/review/review-storm-warning/,301,false
https://blues.ru/data/albumview.aspx?cdid=1901,https://blues.ru/review/review-skeleton-key/,301,false
https://blues.ru/data/albumview.aspx?cdid=1902,https://blues.ru/review/review-halfway-to-memphis/,301,false
https://blues.ru/data/albumview.aspx?cdid=1903,https://blues.ru/review/review-i-smell-smoke/,301,false
https://blues.ru/data/albumview.aspx?cdid=1904,https://blues.ru/review/review-steamroller/,301,false
https://blues.ru/data/albumview.aspx?cdid=1905,https://blues.ru/review/review-voodoo-guitar/,301,false
https://blues.ru/data/albumview.aspx?cdid=1906,https://blues.ru/review/review-born-with-the-blues/,301,false
https://blues.ru/data/albumview.aspx?cdid=1907,https://blues.ru/review/review-say-baby-say/,301,false
https://blues.ru/data/albumview.aspx?cdid=1908,https://blues.ru/review/review-notes-from-the-road/,301,false
https://blues.ru/data/albumview.aspx?cdid=1909,https://blues.ru/review/review-come-on-in-this-house/,301,false
https://blues.ru/data/albumview.aspx?cdid=1910,https://blues.ru/review/review-story-of-my-life/,301,false
https://blues.ru/data/albumview.aspx?cdid=1911,https://blues.ru/review/review-burning-sensation/,301,false
https://blues.ru/data/albumview.aspx?cdid=1912,https://blues.ru/review/review-speakin-evil/,301,false
https://blues.ru/data/albumview.aspx?cdid=1913,https://blues.ru/review/review-3rd-degree/,301,false
https://blues.ru/data/albumview.aspx?cdid=1914,https://blues.ru/review/review-the-adventures-of-fishy-waters-in-bed-with-the-blues/,301,false
https://blues.ru/data/albumview.aspx?cdid=1915,https://blues.ru/review/review-juba-dance/,301,false
https://blues.ru/data/albumview.aspx?cdid=1916,https://blues.ru/review/review-payday/,301,false
https://blues.ru/data/albumview.aspx?cdid=1917,https://blues.ru/review/review-any-place-i-m-going/,301,false
https://blues.ru/data/albumview.aspx?cdid=1918,https://blues.ru/review/review-ozone-friendly/,301,false
https://blues.ru/data/albumview.aspx?cdid=1919,https://blues.ru/review/review-guitarded/,301,false
https://blues.ru/data/albumview.aspx?cdid=1920,https://blues.ru/review/review-as-phat-as-it-gets/,301,false
https://blues.ru/data/albumview.aspx?cdid=1921,https://blues.ru/review/review-hard-times/,301,false
https://blues.ru/data/albumview.aspx?cdid=1922,https://blues.ru/review/review-force-majeure/,301,false
https://blues.ru/data/albumview.aspx?cdid=1923,https://blues.ru/review/review-lucky-peterson/,301,false
https://blues.ru/data/albumview.aspx?cdid=1924,https://blues.ru/review/review-triple-play/,301,false
https://blues.ru/data/albumview.aspx?cdid=1925,https://blues.ru/review/review-blues-of-the-month-club/,301,false
https://blues.ru/data/albumview.aspx?cdid=1926,https://blues.ru/review/review-wander-this-world/,301,false
https://blues.ru/data/albumview.aspx?cdid=1927,https://blues.ru/review/review-lie-to-me/,301,false
https://blues.ru/data/albumview.aspx?cdid=1928,https://blues.ru/review/review-wound-up-tight/,301,false
https://blues.ru/data/albumview.aspx?cdid=1929,https://blues.ru/review/review-stan-the-man-live/,301,false
https://blues.ru/data/albumview.aspx?cdid=1930,https://blues.ru/review/review-the-best-of-bonnie-raitt/,301,false
https://blues.ru/data/albumview.aspx?cdid=1931,https://blues.ru/review/review-raw/,301,false
https://blues.ru/data/albumview.aspx?cdid=1932,https://blues.ru/review/review-colin-james-little-big-band/,301,false
https://blues.ru/data/albumview.aspx?cdid=1933,https://blues.ru/review/review-green-guitar-the-best-of-peter-green/,301,false
https://blues.ru/data/albumview.aspx?cdid=1934,https://blues.ru/review/review-live-at-newport/,301,false
https://blues.ru/data/albumview.aspx?cdid=1935,https://blues.ru/review/review-don-t-explain/,301,false
https://blues.ru/data/albumview.aspx?cdid=1936,https://blues.ru/review/review-seesaw/,301,false
https://blues.ru/data/albumview.aspx?cdid=1937,https://blues.ru/review/review-screamin-for-my-supper/,301,false
https://blues.ru/data/albumview.aspx?cdid=1938,https://blues.ru/review/review-beth-hart-and-the-ocean-of-souls/,301,false
https://blues.ru/data/albumview.aspx?cdid=1939,https://blues.ru/review/review-bang-bang-boom-boom/,301,false
https://blues.ru/data/albumview.aspx?cdid=1940,https://blues.ru/review/review-live-at-paradiso/,301,false
https://blues.ru/data/albumview.aspx?cdid=1941,https://blues.ru/review/review-independently-blue/,301,false
https://blues.ru/data/albumview.aspx?cdid=1942,https://blues.ru/review/review-just-for-today/,301,false
https://blues.ru/data/albumview.aspx?cdid=1943,https://blues.ru/review/review-luther-s-blues-a-tribute-to-luther-allison/,301,false
https://blues.ru/data/albumview.aspx?cdid=1944,https://blues.ru/review/review-til-your-river-runs-dry/,301,false
https://blues.ru/data/albumview.aspx?cdid=1945,https://blues.ru/review/review-driving-towards-the-daylight/,301,false
https://blues.ru/data/albumview.aspx?cdid=1946,https://blues.ru/review/review-cotton-mouth-man/,301,false
https://blues.ru/data/albumview.aspx?cdid=1947,https://blues.ru/review/review-bull-goose-rooster/,301,false
https://blues.ru/data/albumview.aspx?cdid=1948,https://blues.ru/review/review-can-do/,301,false
https://blues.ru/data/albumview.aspx?cdid=1949,https://blues.ru/review/review-45-live/,301,false
https://blues.ru/data/albumview.aspx?cdid=1950,https://blues.ru/review/review-deja-blues/,301,false
https://blues.ru/data/albumview.aspx?cdid=1951,https://blues.ru/review/review-blue-as-can-be/,301,false
https://blues.ru/data/albumview.aspx?cdid=1952,https://blues.ru/review/review-universal-breakdown-blues/,301,false
https://blues.ru/data/albumview.aspx?cdid=1953,https://blues.ru/review/review-standing-in-the-shadows/,301,false
https://blues.ru/data/albumview.aspx?cdid=1954,https://blues.ru/review/review-rhythm-blues/,301,false
https://blues.ru/data/albumview.aspx?cdid=1955,https://blues.ru/review/review-home/,301,false
https://blues.ru/data/albumview.aspx?cdid=1956,https://blues.ru/review/review-aynsley-lister/,301,false
https://blues.ru/data/albumview.aspx?cdid=1957,https://blues.ru/review/review-deep-deep-blue/,301,false
https://blues.ru/data/albumview.aspx?cdid=1958,https://blues.ru/review/review-twisted-tales/,301,false
https://blues.ru/data/albumview.aspx?cdid=1959,https://blues.ru/review/review-live-outlawed/,301,false
https://blues.ru/data/albumview.aspx?cdid=1960,https://blues.ru/review/review-can-you-stand-the-heat/,301,false
https://blues.ru/data/albumview.aspx?cdid=1961,https://blues.ru/review/review-blue-highway-2/,301,false
https://blues.ru/data/albumview.aspx?cdid=1962,https://blues.ru/review/review-daddy-told-me/,301,false
https://blues.ru/data/albumview.aspx?cdid=1963,https://blues.ru/review/review-send-the-moon/,301,false
https://blues.ru/data/albumview.aspx?cdid=1964,https://blues.ru/review/review-blues-ballads/,301,false
https://blues.ru/data/albumview.aspx?cdid=1965,https://blues.ru/review/review-take-me-with-you/,301,false
https://blues.ru/data/albumview.aspx?cdid=1966,https://blues.ru/review/review-trickbag-with-friends-vol-1/,301,false
https://blues.ru/data/albumview.aspx?cdid=1967,https://blues.ru/review/review-longtime-friends-in-the-blues/,301,false
https://blues.ru/data/albumview.aspx?cdid=1968,https://blues.ru/review/review-live-in-amsterdam/,301,false
https://blues.ru/data/albumview.aspx?cdid=1969,https://blues.ru/review/review-more-blues-as-blues-can-get/,301,false
https://blues.ru/data/albumview.aspx?cdid=1970,https://blues.ru/review/review-blues-shock/,301,false
https://blues.ru/data/albumview.aspx?cdid=1971,https://blues.ru/review/review-gone-to-texas/,301,false
https://blues.ru/data/albumview.aspx?cdid=1972,https://blues.ru/review/review-message-in-blue/,301,false
https://blues.ru/data/albumview.aspx?cdid=1973,https://blues.ru/review/review-the-blues-came-callin/,301,false
https://blues.ru/data/albumview.aspx?cdid=1974,https://blues.ru/review/review-takin-a-bite-outta-the-blues/,301,false
https://blues.ru/data/albumview.aspx?cdid=1975,https://blues.ru/review/review-too-many-roads/,301,false
https://blues.ru/data/albumview.aspx?cdid=1976,https://blues.ru/review/review-the-ma-grinder/,301,false
https://blues.ru/data/albumview.aspx?cdid=1977,https://blues.ru/review/review-billy-s-blues/,301,false
https://blues.ru/data/albumview.aspx?cdid=1978,https://blues.ru/review/review-gotcha/,301,false
https://blues.ru/data/albumview.aspx?cdid=1979,https://blues.ru/review/review-lonely-girl/,301,false
https://blues.ru/data/albumview.aspx?cdid=1980,https://blues.ru/review/review-all-in/,301,false
https://blues.ru/data/albumview.aspx?cdid=1981,https://blues.ru/review/review-paris-streetlights/,301,false
https://blues.ru/data/albumview.aspx?cdid=1982,https://blues.ru/review/review-songs-from-the-road/,301,false
https://blues.ru/data/albumview.aspx?cdid=1983,https://blues.ru/review/review-different-shades-of-blue/,301,false
https://blues.ru/data/albumview.aspx?cdid=1984,https://blues.ru/review/review-king-of-the-one-man-bands/,301,false
https://blues.ru/data/albumview.aspx?cdid=1985,https://blues.ru/review/review-moonshine-hymns/,301,false
https://blues.ru/data/albumview.aspx?cdid=1986,https://blues.ru/review/review-dirty-truth/,301,false
https://blues.ru/data/albumview.aspx?cdid=1987,https://blues.ru/review/review-calling-all-blues/,301,false
https://blues.ru/data/albumview.aspx?cdid=1988,https://blues.ru/review/review-king-of-the-stroll-2cd/,301,false
https://blues.ru/data/albumview.aspx?cdid=1989,https://blues.ru/review/review-memphis-grease/,301,false
https://blues.ru/data/albumview.aspx?cdid=1990,https://blues.ru/review/review-i-m-feelin-lucky-the-blues-according-to-popa-chubby/,301,false
https://blues.ru/data/albumview.aspx?cdid=1991,https://blues.ru/review/review-lucky-13/,301,false
https://blues.ru/data/albumview.aspx?cdid=1992,https://blues.ru/review/review-mother-blues/,301,false
https://blues.ru/data/albumview.aspx?cdid=1993,https://blues.ru/review/review-keepin-it-together/,301,false
https://blues.ru/data/albumview.aspx?cdid=1994,https://blues.ru/review/review-1953-1954-just-walkin-in-the-rain/,301,false
https://blues.ru/data/albumview.aspx?cdid=1995,https://blues.ru/review/review-tennessee-blues-vol-2-1997-reissue/,301,false
https://blues.ru/data/albumview.aspx?cdid=1996,https://blues.ru/review/review-take-a-ride-with-cooper-t/,301,false
https://blues.ru/data/albumview.aspx?cdid=1997,https://blues.ru/review/review-tough-love/,301,false
https://blues.ru/data/albumview.aspx?cdid=1998,https://blues.ru/review/review-fat-man-s-shine-parlor/,301,false
https://blues.ru/data/albumview.aspx?cdid=1999,https://blues.ru/review/review-ain-t-nothing-but-the-blues-company/,301,false
https://blues.ru/data/albumview.aspx?cdid=2000,https://blues.ru/review/review-temperature-rising/,301,false
https://blues.ru/data/albumview.aspx?cdid=2001,https://blues.ru/review/review-ooh-yeah-the-betty-davis-songbook/,301,false
https://blues.ru/data/albumview.aspx?cdid=2002,https://blues.ru/review/review-soldier-of-the-line/,301,false
https://blues.ru/data/albumview.aspx?cdid=2003,https://blues.ru/review/review-good-news/,301,false
https://blues.ru/data/albumview.aspx?cdid=2004,https://blues.ru/review/review-rock-me-mama/,301,false
https://blues.ru/data/albumview.aspx?cdid=2005,https://blues.ru/review/review-rolling-stock/,301,false
https://blues.ru/data/albumview.aspx?cdid=2006,https://blues.ru/review/review-from-the-vaults/,301,false
https://blues.ru/data/albumview.aspx?cdid=2007,https://blues.ru/review/review-live-3/,301,false
https://blues.ru/data/albumview.aspx?cdid=2008,https://blues.ru/review/review-electric-field-holler/,301,false
https://blues.ru/data/albumview.aspx?cdid=2009,https://blues.ru/review/review-muddy-wolf-at-red-rocks/,301,false
https://blues.ru/data/albumview.aspx?cdid=2010,https://blues.ru/review/review-better-than-home/,301,false
https://blues.ru/data/albumview.aspx?cdid=2011,https://blues.ru/review/review-heavy-blues/,301,false
https://blues.ru/data/albumview.aspx?cdid=2012,https://blues.ru/review/review-blues-transfusion/,301,false
https://blues.ru/data/albumview.aspx?cdid=2013,https://blues.ru/review/review-let-it-rain/,301,false
https://blues.ru/data/albumview.aspx?cdid=2014,https://blues.ru/review/review-reaching-for-the-light/,301,false
https://blues.ru/data/albumview.aspx?cdid=2015,https://blues.ru/review/review-amazing-years/,301,false
https://blues.ru/data/albumview.aspx?cdid=2016,https://blues.ru/review/review-the-outsider-2/,301,false
https://blues.ru/data/albumview.aspx?cdid=2017,https://blues.ru/review/review-bound-by-the-blues/,301,false
https://blues.ru/data/albumview.aspx?cdid=2018,https://blues.ru/review/review-i-ll-be-your-mule/,301,false
https://blues.ru/data/albumview.aspx?cdid=2019,https://blues.ru/review/review-father-s-day/,301,false
https://blues.ru/data/albumview.aspx?cdid=2020,https://blues.ru/review/review-unfinished-business-2/,301,false
https://blues.ru/data/albumview.aspx?cdid=2021,https://blues.ru/review/review-the-highway-is-my-home/,301,false
https://blues.ru/data/albumview.aspx?cdid=2022,https://blues.ru/review/review-born-to-play-guitar/,301,false
https://blues.ru/data/albumview.aspx?cdid=2023,https://blues.ru/review/review-someone-like-you/,301,false
https://blues.ru/data/albumview.aspx?cdid=2024,https://blues.ru/review/review-blues-soul-man/,301,false
https://blues.ru/data/albumview.aspx?cdid=2025,https://blues.ru/review/review-the-kitchen-sink/,301,false
https://blues.ru/data/albumview.aspx?cdid=2026,https://blues.ru/review/review-soundcheck/,301,false
https://blues.ru/data/albumview.aspx?cdid=2027,https://blues.ru/review/review-blues-of-desperation/,301,false
https://blues.ru/data/albumview.aspx?cdid=2028,https://blues.ru/review/review-alive-in-amsterdam/,301,false
https://blues.ru/data/albumview.aspx?cdid=2029,https://blues.ru/review/review-bliss-avenue/,301,false
https://blues.ru/data/albumview.aspx?cdid=2030,https://blues.ru/review/review-the-london-howlin-wolf-sessions/,301,false
https://blues.ru/data/albumview.aspx?cdid=2031,https://blues.ru/review/review-man-and-guitar/,301,false
https://blues.ru/data/albumview.aspx?cdid=2032,https://blues.ru/review/review-maxwell-street/,301,false
https://blues.ru/data/albumview.aspx?cdid=2033,https://blues.ru/review/review-the-original-fleetwood-mac/,301,false
https://blues.ru/data/albumview.aspx?cdid=2034,https://blues.ru/review/review-muddy-water-blues-a-tribute-to-muddy-waters/,301,false
https://blues.ru/data/albumview.aspx?cdid=2035,https://blues.ru/review/review-live-attack-of-the-killer-v/,301,false
https://blues.ru/data/albumview.aspx?cdid=2036,https://blues.ru/review/review-a-force-of-nature/,301,false
https://blues.ru/data/albumview.aspx?cdid=2037,https://blues.ru/review/review-live-at-the-greek-theatre/,301,false
https://blues.ru/data/albumview.aspx?cdid=2038,https://blues.ru/review/review-black-dawn/,301,false
https://blues.ru/data/albumview.aspx?cdid=2039,https://blues.ru/review/review-fire-on-the-floor/,301,false
https://blues.ru/data/albumview.aspx?cdid=2040,https://blues.ru/review/review-new-age/,301,false
https://blues.ru/data/albumview.aspx?cdid=2041,https://blues.ru/review/review-battle-scars/,301,false
https://blues.ru/data/albumview.aspx?cdid=2042,https://blues.ru/review/review-cryin-for-the-moon/,301,false
https://blues.ru/data/albumview.aspx?cdid=2043,https://blues.ru/review/review-make-me-sweat/,301,false
https://blues.ru/data/albumview.aspx?cdid=2044,https://blues.ru/review/review-kings-of-boogie/,301,false
https://blues.ru/data/albumview.aspx?cdid=2045,https://blues.ru/review/review-the-blue-skin-album/,301,false
https://blues.ru/data/albumview.aspx?cdid=2046,https://blues.ru/review/review-live-alive/,301,false
https://blues.ru/data/albumview.aspx?cdid=2047,https://blues.ru/review/review-singin-the-blues/,301,false
https://blues.ru/data/albumview.aspx?cdid=2048,https://blues.ru/review/review-the-blues/,301,false
https://blues.ru/data/albumview.aspx?cdid=2049,https://blues.ru/review/review-king-of-the-blues/,301,false
https://blues.ru/data/albumview.aspx?cdid=2050,https://blues.ru/review/review-sings-spirituals/,301,false
https://blues.ru/data/albumview.aspx?cdid=2051,https://blues.ru/review/review-my-kind-of-blues/,301,false
https://blues.ru/data/albumview.aspx?cdid=2052,https://blues.ru/review/review-easy-listening-blues/,301,false
https://blues.ru/data/albumview.aspx?cdid=2053,https://blues.ru/review/review-more-b-b-king/,301,false
https://blues.ru/data/albumview.aspx?cdid=2054,https://blues.ru/review/review-frostbite/,301,false
https://blues.ru/data/albumview.aspx?cdid=2055,https://blues.ru/review/review-the-big-sound-of-lil-ed-the-blues-imperials/,301,false
https://blues.ru/data/albumview.aspx?cdid=2056,https://blues.ru/review/review-talk-about-that/,301,false
https://blues.ru/data/albumview.aspx?cdid=2057,https://blues.ru/review/review-lost-in-the-blues/,301,false
https://blues.ru/data/albumview.aspx?cdid=2058,https://blues.ru/review/review-heavy-love/,301,false
https://blues.ru/data/albumview.aspx?cdid=2059,https://blues.ru/review/review-more-real-folk-blues-2/,301,false
https://blues.ru/data/albumview.aspx?cdid=2060,https://blues.ru/review/review-archives-to-eighties/,301,false
https://blues.ru/data/albumview.aspx?cdid=2061,https://blues.ru/review/review-the-very-best-of-little-milton/,301,false
https://blues.ru/data/albumview.aspx?cdid=2062,https://blues.ru/review/review-don-t-say-that-i-ain-t-your-man-essential-blues/,301,false
https://blues.ru/data/albumview.aspx?cdid=2063,https://blues.ru/review/review-do-i-move-you/,301,false
https://blues.ru/data/albumview.aspx?cdid=2064,https://blues.ru/review/review-west-side-strut/,301,false
https://blues.ru/data/albumview.aspx?cdid=2065,https://blues.ru/review/review-hard-truth/,301,false
https://blues.ru/data/albumview.aspx?cdid=2066,https://blues.ru/review/review-jump-for-joy/,301,false
https://blues.ru/data/albumview.aspx?cdid=2067,https://blues.ru/review/review-irish-tour-74/,301,false
https://blues.ru/data/albumview.aspx?cdid=2068,https://blues.ru/review/review-edged-in-blue/,301,false
https://blues.ru/data/albumview.aspx?cdid=2069,https://blues.ru/review/review-live-at-carnegie-hall-an-acoustic-evening/,301,false
https://blues.ru/data/albumview.aspx?cdid=2070,https://blues.ru/review/review-recorded-live-in-lafayette/,301,false
https://blues.ru/data/albumview.aspx?cdid=2071,https://blues.ru/review/review-halfbreed/,301,false
https://blues.ru/data/albumview.aspx?cdid=2072,https://blues.ru/review/review-heavy-blues-2/,301,false
https://blues.ru/data/albumview.aspx?cdid=2073,https://blues.ru/review/review-we-re-all-in-this-together/,301,false
https://blues.ru/data/albumview.aspx?cdid=2074,https://blues.ru/review/review-witchy-feelin/,301,false
https://blues.ru/data/albumview.aspx?cdid=2075,https://blues.ru/review/review-lucky-devils/,301,false
https://blues.ru/data/albumview.aspx?cdid=2076,https://blues.ru/review/review-buried-alive-in-the-blues/,301,false
https://blues.ru/data/albumview.aspx?cdid=2077,https://blues.ru/review/review-limited-jubilee-edition-box-set/,301,false
https://blues.ru/data/albumview.aspx?cdid=2078,https://blues.ru/review/review-mama-says-i-m-crazy/,301,false
https://blues.ru/data/albumview.aspx?cdid=2079,https://blues.ru/review/review-the-luckiest-man/,301,false
https://blues.ru/data/albumview.aspx?cdid=2080,https://blues.ru/review/review-breakfast-at-midnight/,301,false
https://blues.ru/data/albumview.aspx?cdid=2081,https://blues.ru/review/review-winning-hand/,301,false
https://blues.ru/data/albumview.aspx?cdid=2082,https://blues.ru/review/review-love-is-an-army/,301,false
https://blues.ru/data/albumview.aspx?cdid=2083,https://blues.ru/review/review-from-austin-with-soul/,301,false
https://blues.ru/data/albumview.aspx?cdid=2084,https://blues.ru/review/review-from-the-heart-of-a-woman/,301,false
https://blues.ru/data/albumview.aspx?cdid=2085,https://blues.ru/review/review-live-from-new-york-front-and-center/,301,false
https://blues.ru/data/albumview.aspx?cdid=2086,https://blues.ru/review/review-mk/,301,false
https://blues.ru/data/albumview.aspx?cdid=2087,https://blues.ru/review/review-six-string-therapy/,301,false
https://blues.ru/data/albumview.aspx?cdid=2088,https://blues.ru/review/review-you-should-have-been-there/,301,false
https://blues.ru/data/albumview.aspx?cdid=2089,https://blues.ru/review/review-danger-white-men-dancing/,301,false
https://blues.ru/data/albumview.aspx?cdid=2090,https://blues.ru/review/review-memphis-heat/,301,false
https://blues.ru/data/albumview.aspx?cdid=2091,https://blues.ru/review/review-revelation/,301,false
https://blues.ru/data/albumview.aspx?cdid=2092,https://blues.ru/review/review-black-coffee/,301,false
https://blues.ru/data/albumview.aspx?cdid=2093,https://blues.ru/review/review-peace-of-mind/,301,false
https://blues.ru/data/albumview.aspx?cdid=2094,https://blues.ru/review/review-i-like-it-when-it-rains/,301,false
https://blues.ru/data/albumview.aspx?cdid=2095,https://blues.ru/review/review-never-say-never/,301,false
https://blues.ru/data/albumview.aspx?cdid=2096,https://blues.ru/review/review-meet-me-at-midnight/,301,false
https://blues.ru/data/albumview.aspx?cdid=2097,https://blues.ru/review/review-steady-love/,301,false
https://blues.ru/data/albumview.aspx?cdid=2098,https://blues.ru/review/review-garden-of-joy-good-time-music-for-hard-times/,301,false
https://blues.ru/data/albumview.aspx?cdid=2099,https://blues.ru/review/review-yes-we-can/,301,false
https://blues.ru/data/albumview.aspx?cdid=2100,https://blues.ru/review/review-first-came-memphis-minnie/,301,false
https://blues.ru/data/albumview.aspx?cdid=2101,https://blues.ru/review/review-with-the-robben-ford-band-2/,301,false
https://blues.ru/data/albumview.aspx?cdid=2102,https://blues.ru/review/review-survivor-blues/,301,false
https://blues.ru/data/albumview.aspx?cdid=2103,https://blues.ru/review/review-fleetwood-mac/,301,false
https://blues.ru/data/albumview.aspx?cdid=2104,https://blues.ru/review/review-nobody-told-me/,301,false
https://blues.ru/data/albumview.aspx?cdid=2105,https://blues.ru/review/review-ain-t-givin-up/,301,false
https://blues.ru/data/albumview.aspx?cdid=2106,https://blues.ru/review/review-swingin-and-jumpin/,301,false
https://blues.ru/data/albumview.aspx?cdid=2107,https://blues.ru/review/review-hot-stuff/,301,false
https://blues.ru/data/albumview.aspx?cdid=2108,https://blues.ru/review/review-staying-power/,301,false
https://blues.ru/data/albumview.aspx?cdid=2109,https://blues.ru/review/review-live-with-the-london-blues-band/,301,false
https://blues.ru/data/albumview.aspx?cdid=2110,https://blues.ru/review/review-back-to-the-blues-2/,301,false
https://blues.ru/data/albumview.aspx?cdid=2111,https://blues.ru/review/review-blues-it-up/,301,false
https://blues.ru/data/albumview.aspx?cdid=2112,https://blues.ru/review/review-below-the-belt/,301,false
https://blues.ru/data/albumview.aspx?cdid=2113,https://blues.ru/review/review-big-boy/,301,false
https://blues.ru/data/albumview.aspx?cdid=2114,https://blues.ru/review/review-boogie-woogie-nights/,301,false
https://blues.ru/data/albumview.aspx?cdid=2115,https://blues.ru/review/review-where-blue-begins-2/,301,false
https://blues.ru/data/albumview.aspx?cdid=2116,https://blues.ru/review/review-cats-meow/,301,false
https://blues.ru/data/albumview.aspx?cdid=2117,https://blues.ru/review/review-trash-talkin/,301,false
https://blues.ru/data/albumview.aspx?cdid=2118,https://blues.ru/review/review-supakev-n-pilchards/,301,false
https://blues.ru/data/albumview.aspx?cdid=2119,https://blues.ru/review/review-beyond-the-blue-door/,301,false
https://blues.ru/data/albumview.aspx?cdid=2120,https://blues.ru/review/review-coming-in-hot/,301,false
https://blues.ru/data/albumview.aspx?cdid=2121,https://blues.ru/review/review-saguitar/,301,false
https://blues.ru/data/albumview.aspx?cdid=2122,https://blues.ru/review/review-war-in-my-mind/,301,false
https://blues.ru/data/albumview.aspx?cdid=2123,https://blues.ru/review/review-leave-the-light-on/,301,false
https://blues.ru/data/albumview.aspx?cdid=2124,https://blues.ru/review/review-black-and-white-blues-or-guilty/,301,false
https://blues.ru/data/albumview.aspx?cdid=2125,https://blues.ru/review/review-ordinary-madness/,301,false
https://blues.ru/data/albumview.aspx?cdid=2126,https://blues.ru/review/review-screamin-and-cryin/,301,false
https://blues.ru/data/albumview.aspx?cdid=2127,https://blues.ru/review/review-rise-up/,301,false
https://blues.ru/data/albumview.aspx?cdid=2128,https://blues.ru/review/review-time-clocks/,301,false
https://blues.ru/data/albumview.aspx?cdid=2129,https://blues.ru/review/review-mercy-me/,301,false
https://blues.ru/data/albumview.aspx?cdid=2130,https://blues.ru/review/review-immortal/,301,false
https://blues.ru/data/albumview.aspx?cdid=2131,https://blues.ru/review/review-my-california/,301,false
https://blues.ru/data/albumview.aspx?cdid=2132,https://blues.ru/review/review-this-is-the-life-i-choose/,301,false
https://blues.ru/data/albumview.aspx?cdid=2133,https://blues.ru/review/review-chameleon/,301,false
https://blues.ru/data/albumview.aspx?cdid=2134,https://blues.ru/review/review-stomping-ground/,301,false
https://blues.ru/data/albumview.aspx?cdid=2135,https://blues.ru/review/review-borrowed-time/,301,false
https://blues.ru/data/albumview.aspx?cdid=2136,https://blues.ru/review/review-holy-moly/,301,false
https://blues.ru/data/albumview.aspx?cdid=2137,https://blues.ru/review/review-ride/,301,false
https://blues.ru/data/albumview.aspx?cdid=2138,https://blues.ru/review/review-get-your-groove/,301,false
https://blues.ru/data/albumview.aspx?cdid=2139,https://blues.ru/review/review-blacktop-run/,301,false
https://blues.ru/data/albumview.aspx?cdid=2140,https://blues.ru/review/review-voodoo-nation/,301,false
https://blues.ru/data/albumview.aspx?cdid=2141,https://blues.ru/review/review-done-come-too-far/,301,false
https://blues.ru/data/albumview.aspx?cdid=2142,https://blues.ru/review/review-blues-with-friends/,301,false
https://blues.ru/data/albumview.aspx?cdid=2143,https://blues.ru/review/review-deep-pockets/,301,false
https://blues.ru/data/albumview.aspx?cdid=2144,https://blues.ru/review/review-blues-deluxe-vol-2/,301,false
https://blues.ru/data/albumview.aspx?cdid=2145,https://blues.ru/review/review-writing-on-the-wall/,301,false
https://blues.ru/data/albumview.aspx?cdid=2146,https://blues.ru/review/review-broken/,301,false
https://blues.ru/data/albumview.aspx?cdid=2147,https://blues.ru/review/review-girl-friends/,301,false
https://blues.ru/data/albumview.aspx?cdid=2148,https://blues.ru/review/review-chicken-man/,301,false
